2013-04-29,4.366759777069092
2013-05-05,3.4931299686431885
2013-05-11,3.4603800773620605
2013-05-17,2.8914198875427246
2013-05-23,3.1185200214385986
2013-05-28,3.102799892425537
2013-06-03,2.730530023574829
2013-06-09,2.552730083465576
2013-06-15,2.1389999389648438
2013-06-21,2.3259599208831787
2013-06-26,2.806420087814331
2013-07-02,2.9496800899505615
2013-07-08,2.7111599445343018
2013-07-14,2.9284300804138184
2013-07-20,2.962399959564209
2013-07-25,2.9485599994659424
2013-07-31,3.001009941101074
2013-08-06,2.844089984893799
2013-08-12,2.6942999362945557
2013-08-18,2.8007099628448486
2013-08-23,2.781599998474121
2013-08-29,2.5370099544525146
2013-09-04,2.599529981613159
2013-09-10,2.7312099933624268
2013-09-15,2.5854101181030273
2013-09-21,2.479330062866211
2013-09-27,2.4021499156951904
2013-10-03,1.9776999950408936
2013-10-09,1.9808800220489502
2013-10-14,2.148940086364746
2013-10-20,1.869379997253418
2013-10-26,2.16129994392395
2013-11-01,2.3448500633239746
2013-11-07,3.3599700927734375
2013-11-12,4.013800144195557
2013-11-18,4.126580238342285
2013-11-24,10.589799880981445
2013-11-30,36.94169998168945
2013-12-06,37.46310043334961
2013-12-11,36.28900146484375
2013-12-17,24.433300018310547
2013-12-23,16.736499786376953
2013-12-29,22.562299728393555
2014-01-04,24.813400268554688
2014-01-09,24.486799240112305
2014-01-15,24.10219955444336
2014-01-21,25.202499389648438
2014-01-27,24.131900787353516
2014-02-01,22.099000930786133
2014-02-07,19.90089988708496
2014-02-13,16.926700592041016
2014-02-19,15.557499885559082
2014-02-25,14.499199867248535
2014-03-02,13.655200004577637
2014-03-08,15.85789966583252
2014-03-14,16.997900009155273
2014-03-20,17.16659927368164
2014-03-26,16.29010009765625
2014-03-31,13.146100044250488
2014-04-06,11.17959976196289
2014-04-12,10.904999732971191
2014-04-18,12.46049976348877
2014-04-24,12.137399673461914
2014-04-29,10.1225004196167
2014-05-05,10.311300277709961
2014-05-11,10.71720027923584
2014-05-17,10.440699577331543
2014-05-23,10.646400451660156
2014-05-28,11.162300109863281
2014-06-03,11.359399795532227
2014-06-09,11.265899658203125
2014-06-15,9.874690055847168
2014-06-20,9.996370315551758
2014-06-26,9.200599670410156
2014-07-02,7.984789848327637
2014-07-08,7.581160068511963
2014-07-14,8.898750305175781
2014-07-19,8.717260360717773
2014-07-25,7.779580116271973
2014-07-31,7.279640197753906
2014-08-06,7.262740135192871
2014-08-12,6.060359954833984
2014-08-17,4.971869945526123
2014-08-23,5.235569953918457
2014-08-29,5.294469833374023
2014-09-04,4.869579792022705
2014-09-10,5.060850143432617
2014-09-15,5.403349876403809
2014-09-21,4.263070106506348
2014-09-27,4.434390068054199
2014-10-03,4.31935977935791
2014-10-09,3.9086201190948486
2014-10-14,3.8645200729370117
2014-10-20,3.983570098876953
2014-10-26,3.668950080871582
2014-11-01,3.756659984588623
2014-11-06,3.6421399116516113
2014-11-12,3.67972993850708
2014-11-18,3.875149965286255
2014-11-24,3.594640016555786
2014-11-30,3.5859599113464355
2014-12-05,3.594089984893799
2014-12-11,3.4939301013946533
2014-12-17,3.0105600357055664
2014-12-23,2.887320041656494
2014-12-29,2.733799934387207
2015-01-03,2.6664600372314453
2015-01-09,2.0100200176239014
2015-01-15,1.1532399654388428
2015-01-21,1.3238999843597412
2015-01-27,2.0741798877716064
2015-02-01,1.8787800073623657
2015-02-07,1.759559988975525
2015-02-13,1.7550899982452393
2015-02-19,1.8252099752426147
2015-02-25,1.8300000429153442
2015-03-02,1.8924200534820557
2015-03-08,1.9135299921035767
2015-03-14,2.0040900707244873
2015-03-20,1.7632800340652466
2015-03-25,1.6546000242233276
2015-03-31,1.6696100234985352
2015-04-06,1.701640009880066
2015-04-12,1.4587899446487427
2015-04-18,1.4098399877548218
2015-04-23,1.4553099870681763
2015-04-29,1.36257004737854
2015-05-05,1.4148800373077393
2015-05-11,1.4385199546813965
2015-05-17,1.446470022201538
2015-05-22,1.479490041732788
2015-05-28,1.847000002861023
2015-06-03,1.6705000400543213
2015-06-09,1.784909963607788
2015-06-15,2.002350091934204
2015-06-20,2.8101999759674072
2015-06-26,2.8467400074005127
2015-07-02,3.926640033721924
2015-07-08,5.246779918670654
2015-07-14,4.682839870452881
2015-07-19,4.004380226135254
2015-07-25,4.597760200500488
2015-07-31,4.582200050354004
2015-08-06,4.348999977111816
2015-08-11,3.948740005493164
2015-08-17,3.963320016860962
2015-08-23,3.513279914855957
2015-08-29,2.9161601066589355
2015-09-04,2.6381399631500244
2015-09-09,3.0482800006866455
2015-09-15,2.8441998958587646
2015-09-21,2.85371994972229
2015-09-27,2.8889899253845215
2015-10-03,2.9986701011657715
2015-10-08,3.061340093612671
2015-10-14,3.181529998779297
2015-10-20,3.0525801181793213
2015-10-26,3.0710999965667725
2015-11-01,3.8150899410247803
2015-11-06,3.945240020751953
2015-11-12,2.9721500873565674
2015-11-18,3.1989099979400635
2015-11-24,3.1303598880767822
2015-11-30,3.664370059967041
2015-12-05,3.3699400424957275
2015-12-11,3.672990083694458
2015-12-17,3.7041099071502686
2015-12-23,3.432379961013794
2015-12-28,3.4778099060058594
2016-01-03,3.503999948501587
2016-01-09,3.574350118637085
2016-01-15,3.4640400409698486
2016-01-21,3.384229898452759
2016-01-26,3.1253700256347656
2016-02-01,3.073430061340332
2016-02-07,3.109600067138672
2016-02-13,3.118119955062866
2016-02-19,3.2604498863220215
2016-02-24,3.4032700061798096
2016-03-01,3.448349952697754
2016-03-07,3.2216200828552246
2016-03-13,3.2894198894500732
2016-03-19,3.1707799434661865
2016-03-24,3.2450199127197266
2016-03-30,3.2266499996185303
2016-04-05,3.246040105819702
2016-04-11,3.227449893951416
2016-04-16,3.2798500061035156
2016-04-22,3.346790075302124
2016-04-28,3.8788599967956543
2016-05-04,3.74183988571167
2016-05-10,4.05797004699707
2016-05-15,4.014090061187744
2016-05-21,3.8835198879241943
2016-05-27,4.089419841766357
2016-06-02,4.744649887084961
2016-06-08,4.774290084838867
2016-06-13,5.414649963378906
2016-06-19,5.560369968414307
2016-06-25,4.274600028991699
2016-07-01,4.193490028381348
2016-07-07,4.496560096740723
2016-07-12,4.092189788818359
2016-07-18,4.199389934539795
2016-07-24,4.06374979019165
2016-07-30,4.08266019821167
2016-08-05,3.7420101165771484
2016-08-10,3.7617599964141846
2016-08-16,3.5850300788879395
2016-08-22,3.617419958114624
2016-08-28,3.7360799312591553
2016-09-02,3.836750030517578
2016-09-08,3.969449996948242
2016-09-14,3.818809986114502
2016-09-20,3.829360008239746
2016-09-26,3.799989938735962
2016-10-01,3.847759962081909
2016-10-07,3.838520050048828
2016-10-13,3.7464499473571777
2016-10-19,3.846179962158203
2016-10-25,3.8713300228118896
2016-10-30,4.095950126647949
2016-11-05,3.878509998321533
2016-11-11,3.8364100456237793
2016-11-17,4.055570125579834
2016-11-23,3.968869924545288
2016-11-28,3.897739887237549
2016-12-04,3.9323599338531494
2016-12-10,3.694890022277832
2016-12-16,3.627150058746338
2016-12-22,3.6656100749969482
2016-12-27,4.368569850921631
2017-01-02,4.520450115203857
2017-01-08,3.959120035171509
2017-01-14,3.892580032348633
2017-01-19,3.841900110244751
2017-01-25,3.791330099105835
2017-01-31,4.016499996185303
2017-02-06,4.057980060577393
2017-02-12,3.795870065689087
2017-02-17,3.7783799171447754
2017-02-23,3.8000400066375732
2017-03-01,3.7730600833892822
2017-03-07,3.894040107727051
2017-03-13,3.847440004348755
2017-03-18,4.040520191192627
2017-03-24,3.973069906234741
2017-03-30,4.178909778594971
2017-04-05,8.24728012084961
2017-04-11,8.911620140075684
2017-04-16,10.745499610900879
2017-04-22,11.176600456237793
2017-04-28,14.593099594116211
2017-05-04,21.04450035095215
2017-05-10,33.298099517822266
2017-05-15,28.894500732421875
2017-05-21,27.476200103759766
2017-05-27,23.403099060058594
2017-06-02,28.897300720214844
2017-06-07,30.568700790405273
2017-06-13,29.491600036621094
2017-06-19,46.1619987487793
2017-06-25,44.490699768066406
2017-07-01,40.40409851074219
2017-07-06,53.195499420166016
2017-07-12,45.25590133666992
2017-07-18,42.62300109863281
2017-07-24,44.15959930419922
2017-07-30,41.18450164794922
2017-08-04,42.89350128173828
2017-08-10,48.049400329589844
2017-08-16,43.37189865112305
2017-08-22,47.895198822021484
2017-08-28,61.363399505615234
2017-09-02,85.82990264892578
2017-09-08,78.45279693603516
2017-09-14,61.6422004699707
2017-09-20,52.74489974975586
2017-09-26,51.68790054321289
2017-10-01,55.136199951171875
2017-10-07,52.13750076293945
2017-10-13,60.55189895629883
2017-10-19,60.821800231933594
2017-10-24,54.95949935913086
2017-10-30,56.8401985168457
2017-11-05,55.025699615478516
2017-11-11,59.348899841308594
2017-11-17,70.44840240478516
2017-11-22,70.18219757080078
2017-11-28,91.7239990234375
2017-12-04,101.39600372314453
2017-12-10,155.6269989013672
2017-12-16,299.3370056152344
2017-12-21,314.6600036621094
2017-12-27,286.5889892578125
2018-01-02,228.99000549316406
2018-01-08,287.7250061035156
2018-01-14,260.5790100097656
2018-01-19,191.19200134277344
2018-01-25,181.56300354003906
2018-01-31,165.29600524902344
2018-02-06,127.52100372314453
2018-02-12,150.10400390625
2018-02-17,229.5019989013672
2018-02-23,194.1929931640625
2018-03-01,203.11900329589844
2018-03-07,196.8260040283203
2018-03-12,189.01600646972656
2018-03-18,152.53700256347656
2018-03-24,168.53399658203125
2018-03-30,114.80400085449219
2018-04-05,118.20899963378906
2018-04-10,115.21299743652344
2018-04-16,131.96800231933594
2018-04-22,148.60800170898438
2018-04-28,145.74200439453125
2018-05-04,160.468994140625
2018-05-09,159.61700439453125
2018-05-15,147.48800659179688
2018-05-21,139.6439971923828
2018-05-27,118.50399780273438
2018-06-02,119.8280029296875
2018-06-07,121.33899688720703
2018-06-13,100.79900360107422
2018-06-19,98.72730255126953
2018-06-25,80.3666000366211
2018-07-01,81.50399780273438
2018-07-06,83.8373031616211
2018-07-12,78.59410095214844
2018-07-18,89.82150268554688
2018-07-24,82.68299865722656
2018-07-29,84.0541000366211
2018-08-04,77.4223
2018-08-10,63.975
2018-08-16,54.536
2018-08-22,56.6591
2018-08-27,57.2593
2018-09-02,65.9848
2018-09-08,56.1267
2018-09-14,54.6476
2018-09-20,54.3728
2018-09-25,58.021
2018-10-01,61.0986
2018-10-07,57.9349
2018-10-13,53.4561
2018-10-19,52.5523
2018-10-24,52.4565
2018-10-30,48.9965
2018-11-05,53.5933
2018-11-11,52.3189
2018-11-16,43.9611
2018-11-22,34.6928
2018-11-28,31.1169
2018-12-04,31.0055770105
2018-12-10,25.9116860388
2018-12-15,23.4628806619
2018-12-21,32.7326339739
2018-12-27,30.962173491
2019-01-02,32.0212289635
2019-01-08,37.9189919415
2019-01-13,32.3958230555
2019-01-19,31.4802099112
2019-01-25,32.8204345521
2019-01-31,31.8908562478
2019-02-06,34.3473048796
2019-02-11,46.8818317249
2019-02-17,43.3962585229
2019-02-23,49.6718210467
2019-03-01,46.2354130676
2019-03-07,55.8377685271
2019-03-12,55.4130177548
2019-03-18,61.2842841708
2019-03-24,61.2429180449
2019-03-30,61.2540964664
2019-04-04,85.1739312234
2019-04-10,86.7743315292
2019-04-16,79.0382221294
2019-04-22,77.2944144031
2019-04-28,72.1203074518
2019-05-03,73.7644482518
2019-05-09,74.593982356
2019-05-15,91.6615556779
2019-05-21,91.5720790098
2019-05-27,111.435297724
2019-06-01,114.466252669
2019-06-07,110.975149349
2019-06-13,135.682119509
2019-06-19,135.152661887
2019-06-25,135.580947548
2019-06-30,133.724641898
2019-07-06,118.378718804
2019-07-12,102.827326104
2019-07-18,89.6947328874
2019-07-24,90.4611467773
2019-07-29,89.7717975771
2019-08-04,94.598244426
2019-08-10,84.3909948785
2019-08-16,76.3152467724
2019-08-21,75.2442747135
2019-08-27,73.9338649445
2019-09-02,66.1136231158
2019-09-08,69.0160636662
2019-09-14,69.0219539922
2019-09-19,77.9192698904
2019-09-25,55.8342057611
2019-10-01,56.0892338337
2019-10-07,55.3420271503
2019-10-13,55.9418740985
2019-10-18,54.9347587338
2019-10-24,49.6834335322
2019-10-30,59.8653251216
2019-11-05,61.5774262913
2019-11-11,63.7791565367
2019-11-16,57.7882987915
2019-11-22,50.879672443
2019-11-28,48.0021226692
2019-12-04,45.3999477114
2019-12-10,45.0120549621
2019-12-15,43.8459380436
2019-12-21,40.3048177276
2019-12-27,40.2617459187
2020-01-02,42.0180835946
2020-01-07,45.8386809108
2020-01-13,51.1223120276
2020-01-19,59.4457087115
2020-01-25,54.5640560439
2020-01-31,68.1790390103
2020-02-05,68.1146080768
2020-02-11,74.3460785602
2020-02-17,74.9680835019
2020-02-23,75.0740090197
2020-02-29,59.748736617
2020-03-05,60.4027798955
2020-03-11,50.2637658366
2020-03-17,32.9030890588
2020-03-23,35.5774312667
2020-03-29,38.8652788283
2020-04-03,39.8876318852
2020-04-09,46.3480331019
2020-04-15,41.0800941391
2020-04-21,40.8096225103
2020-04-27,44.6774318077
2020-05-02,47.7703582429
2020-05-08,47.307722767
2020-05-14,43.0949206292
2020-05-20,45.3874416638
2020-05-25,42.4056742237
2020-05-31,47.5392787863
2020-06-06,47.0667255198
2020-06-12,43.5007242977
2020-06-18,44.0323571468
2020-06-23,44.1949885421
2020-06-29,41.4275344144
2020-07-05,42.0221609956
2020-07-11,44.2506570811
2020-07-17,42.0412717164
2020-07-22,43.6067889351
2020-07-28,53.0609860906
2020-08-03,56.6248988719
2020-08-09,58.2280473
2020-08-15,56.7263603765
2020-08-20,62.019967475
2020-08-26,58.4420390365
2020-09-01,61.105076263
2020-09-07,48.0339245923
2020-09-13,50.7609289416
2020-09-18,48.8282752512
2020-09-24,43.04633579
2020-09-30,45.80676129
2020-10-06,46.35686363
2020-10-11,48.91491036
2020-10-17,47.74718763
2020-10-23,54.29941045
2020-10-29,55.74255874
2020-11-04,53.81946799
2020-11-09,61.05501632
2020-11-15,63.77415462
2020-11-21,82.58315583
2020-11-27,70.88437192
2020-12-03,88.87646389
2020-12-08,83.61647292
2020-12-14,82.02944863
2020-12-20,120.49281413
2020-12-26,127.07919192
2021-01-01,124.67276875
2021-01-06,158.6659751
2021-01-12,139.07997911
2021-01-18,142.43465387
2021-01-24,137.73870229
2021-01-30,134.99925649
2021-02-04,155.65647749
2021-02-10,181.9874533
2021-02-16,207.61043662
2021-02-22,227.22382342
2021-02-27,170.43142308
2021-03-05,181.03996241
2021-03-11,200.44975435
2021-03-17,201.06415957
2021-03-23,187.06911144
2021-03-28,184.82436166
2021-04-03,213.15974639
2021-04-09,227.02217225
2021-04-15,279.34114528
2021-04-21,261.06789561
2021-04-26,223.98713291
2021-05-02,276.96041958
2021-05-08,345.29688439
2021-05-14,317.51720121
2021-05-20,186.86627687
2021-05-25,185.0374863
2021-05-31,170.66888349
2021-06-06,173.14664671
2021-06-12,162.97703226
2021-06-18,167.23403369
2021-06-23,119.67530984
2021-06-29,137.61309622
2021-07-05,144.8493334
2021-07-11,133.98125999
2021-07-16,125.62896461
2021-07-22,117.63250227
2021-07-28,134.76721252
2021-08-03,141.46850521
2021-08-09,149.81851298
2021-08-14,183.38239664
2021-08-20,175.43249946
2021-08-26,177.8907004
2021-09-01,171.46518394
2021-09-07,219.52459511
2021-09-08,179.72
2021-09-09,180.38
2021-09-10,174.3
2021-09-11,178.69
2021-09-12,178.68461175
2021-09-13,179.48
2021-09-14,183.14
2021-09-15,189.24
2021-09-16,185.54
2021-09-17,179.68
2021-09-18,179.83258409066352
2021-09-19,175.74
2021-09-20,156.46
2021-09-21,148.39
2021-09-22,161.41
2021-09-23,163.82
2021-09-24,163.89128727273328
2021-09-25,151.18
2021-09-26,150.64
2021-09-27,145.35
2021-09-28,140.6
2021-09-29,144.92
2021-09-30,144.85375339491188
2021-10-01,166.13
2021-10-02,169.26
2021-10-03,170.61
2021-10-04,167.54
2021-10-05,173.89
2021-10-06,173.89476223910992
2021-10-07,178.77
2021-10-08,175.97
2021-10-09,179.66
2021-10-10,175.32
2021-10-11,175.10953278734416
2021-10-12,172.8
2021-10-13,177.63
2021-10-14,180.12
2021-10-15,188.81
2021-10-16,186.19
2021-10-17,186.02996736837719
2021-10-18,185.56
2021-10-19,188.94
2021-10-20,206.87
2021-10-21,196.87
2021-10-22,190.82
2021-10-23,190.98883842665208
2021-10-24,190.91
2021-10-25,195.3
2021-10-26,197.47
2021-10-27,179.33
2021-10-28,189.98
2021-10-29,189.9092696761439
2021-10-30,190.48
2021-10-31,191.82
2021-11-01,197.55
2021-11-02,200.72
2021-11-03,200.71893333535672
2021-11-04,202.97
2021-11-05,199.54
2021-11-06,197.87
2021-11-07,202.05
2021-11-08,228.7
2021-11-09,228.87667597717103
2021-11-10,261.26
2021-11-11,263.09
2021-11-12,251.56
2021-11-13,258.09
2021-11-14,278.01
2021-11-15,279.24094575580307
2021-11-16,230.6
2021-11-17,229.5
2021-11-18,204.42
2021-11-19,218.14
2021-11-20,227.08
2021-11-21,226.94084150210705
2021-11-22,209.16
2021-11-23,216.39
2021-11-24,209.81
2021-11-25,215.63
2021-11-26,194.87
2021-11-27,195.55786397066277
2021-11-28,199.35
2021-11-29,205.87
2021-11-30,208.01
2021-12-01,208.97
2021-12-02,208.8951357530433
2021-12-03,188.1
2021-12-04,163.05
2021-12-05,156.41
2021-12-06,161.89
2021-12-07,162.29
2021-12-08,162.0422257195869
2021-12-09,151.8
2021-12-10,148.6
2021-12-11,158.04
2021-12-12,159.2
2021-12-13,144.54
2021-12-14,144.62206114509812
2021-12-15,153.52
2021-12-16,148.94
2021-12-17,144.34
2021-12-18,148.8
2021-12-19,153.08
2021-12-20,153.26047898540386
2021-12-21,154.93
2021-12-22,155.47
2021-12-23,163.45
2021-12-24,161.42
2021-12-25,157.79
2021-12-26,157.77370849953323
2021-12-27,155.88
2021-12-28,145.89
2021-12-29,145.51
2021-12-30,148.29
2021-12-31,148.20953101503977
2022-01-01,150.7
2022-01-02,151.26
2022-01-03,148.46
2022-01-04,146.81
2022-01-05,136.09
2022-01-06,136.07732030343186
2022-01-07,131.49
2022-01-08,130.14
2022-01-09,131.3
2022-01-10,126.83
2022-01-11,131.54
2022-01-12,131.5546829232923
2022-01-13,136.64
2022-01-14,144.72
2022-01-15,147.94
2022-01-16,146.53
2022-01-17,151.67
2022-01-18,151.65389461904428
2022-01-19,136.92
2022-01-20,130.37
2022-01-21,114.39
2022-01-22,108.43
2022-01-23,112.09
2022-01-24,112.10081468790973
2022-01-25,108.07
2022-01-26,107.28
2022-01-27,106.95
2022-01-28,109.43
2022-01-29,109.4311955214021
2022-01-30,108.8
2022-01-31,109.59
2022-02-01,115.4
2022-02-02,108.56
2022-02-03,110.29
2022-02-04,110.2910976380461
2022-02-05,121.92
2022-02-06,127.45
2022-02-07,137.11
2022-02-08,133.99
2022-02-09,140.17
2022-02-10,140.17390772731312
2022-02-11,126.03
2022-02-12,126.68
2022-02-13,126.2
2022-02-14,124.8
2022-02-15,131.76
2022-02-16,131.7605222367168
2022-02-17,116.3
2022-02-18,115.2
2022-02-19,115.71
2022-02-20,110.83
2022-02-21,103.45
2022-02-22,103.4308275218451
2022-02-23,105.97
2022-02-24,104.23
2022-02-25,109.27
2022-02-26,108.24
2022-02-27,108.23714671237614
2022-02-28,113.47
2022-03-01,112.54
2022-03-02,110.35
2022-03-03,111.35
2022-03-04,101.39
2022-03-05,101.40839864236999
2022-03-06,101.59
2022-03-07,98.87
2022-03-08,100.62
2022-03-09,106.94
2022-03-10,102.66
2022-03-11,102.64948099449201
2022-03-12,105.83
2022-03-13,102.11
2022-03-14,105.67
2022-03-15,106.99
2022-03-16,111.36
2022-03-17,111.35095718117567
2022-03-18,112.12
2022-03-19,116.37
2022-03-20,114.83
2022-03-21,116.16
2022-03-22,116.15018198073037
2022-03-23,122.48
2022-03-24,126.58
2022-03-25,124.07
2022-03-26,124.88
2022-03-27,129.4
2022-03-28,129.40063599015403
2022-03-29,130.06
2022-03-30,131.17
2022-03-31,123.72
2022-04-01,124.88
2022-04-02,124.92
2022-04-03,124.90180904809492
2022-04-04,124.86
2022-04-05,123.21
2022-04-06,112.46
2022-04-07,114.23
2022-04-08,110.88
2022-04-09,110.87825524274936
2022-04-10,111.17
2022-04-11,102.61
2022-04-12,104.83
2022-04-13,110.48
2022-04-14,107.41
2022-04-15,107.41422463202606
2022-04-16,114.43
2022-04-17,109.04
2022-04-18,111.23
2022-04-19,113.81
2022-04-20,113.81502989471383
2022-04-21,107.0
2022-04-22,105.6
2022-04-23,105.5
2022-04-24,104.62
2022-04-25,104.69
2022-04-26,104.67106916485174
2022-04-27,100.54
2022-04-28,103.32
2022-04-29,100.38
2022-04-30,96.17
2022-05-01,99.44
2022-05-02,99.43371610016528
2022-05-03,99.34
2022-05-04,106.27
2022-05-05,96.92
2022-05-06,96.79
2022-05-07,94.57
2022-05-08,94.57154906775578
2022-05-09,77.96
2022-05-10,80.23
2022-05-11,66.39
2022-05-12,64.4
2022-05-13,67.96
2022-05-14,67.94560656494536
2022-05-15,71.53
2022-05-16,67.21
2022-05-17,72.97
2022-05-18,66.42
2022-05-19,66.38670784114375
2022-05-20,68.66
2022-05-21,69.71
2022-05-22,71.77
2022-05-23,69.01
2022-05-24,70.32
2022-05-25,70.31922193497131
2022-05-26,63.83
2022-05-27,61.56
2022-05-28,62.31
2022-05-29,63.75
2022-05-30,69.12
2022-05-31,69.11026658663762
2022-06-01,62.97
2022-06-02,64.45
2022-06-03,62.66
2022-06-04,63.75
2022-06-05,63.21
2022-06-06,63.214748158217745
2022-06-07,63.91
2022-06-08,61.55
2022-06-09,60.22
2022-06-10,56.66
2022-06-11,52.29
2022-06-12,52.30757431828002
2022-06-13,43.3
2022-06-14,46.13
2022-06-15,50.49
2022-06-16,44.7
2022-06-17,44.706155809403114
2022-06-18,47.25
2022-06-19,54.32
2022-06-20,52.91
2022-06-21,53.51
2022-06-22,52.11
2022-06-23,52.10919513257979
2022-06-24,55.99
2022-06-25,58.97
2022-06-26,56.88
2022-06-27,55.93
2022-06-28,52.81
2022-06-29,52.80720237009923
2022-06-30,53.65
2022-07-01,51.12
2022-07-02,50.49
2022-07-03,50.97
2022-07-04,52.24
2022-07-05,52.23873923389113
2022-07-06,50.36
2022-07-07,52.14
2022-07-08,51.56
2022-07-09,54.16
2022-07-10,52.17
2022-07-11,52.165336403704345
2022-07-12,47.54
2022-07-13,49.56
2022-07-14,51.22
2022-07-15,51.8
2022-07-16,51.79474389311967
2022-07-17,55.72
2022-07-18,58.63
2022-07-19,57.98
2022-07-20,57.24
2022-07-21,58.1
2022-07-22,58.100523730370114
2022-07-23,56.43
2022-07-24,58.49
2022-07-25,54.37
2022-07-26,53.79
2022-07-27,58.95
2022-07-28,58.95376297369396
2022-07-29,60.92
2022-07-30,60.44
2022-07-31,59.91
2022-08-01,59.54
2022-08-02,58.24
2022-08-03,58.23983266314102
2022-08-04,59.85
2022-08-05,62.4
2022-08-06,60.92
2022-08-07,61.1
2022-08-08,61.10433604465659
2022-08-09,59.26
2022-08-10,61.6
2022-08-11,61.9
2022-08-12,62.93
2022-08-13,63.75
2022-08-14,63.75997694643514
2022-08-15,60.83
2022-08-16,61.34
2022-08-17,60.37
2022-08-18,60.05
2022-08-19,54.03
2022-08-20,54.02425867172751
2022-08-21,55.49
2022-08-22,57.26
2022-08-23,57.08
2022-08-24,56.48
2022-08-25,56.79
2022-08-26,56.782242113157864
2022-08-27,53.05
2022-08-28,53.61
2022-08-29,55.77
2022-08-30,53.06
2022-08-31,53.86
2022-09-01,53.85836409233651
2022-09-02,61.04
2022-09-03,60.13
2022-09-04,60.9
2022-09-05,60.42
2022-09-06,60.41395101364879
2022-09-07,57.42
2022-09-08,58.0
2022-09-09,61.23
2022-09-10,63.43
2022-09-11,62.24
2022-09-12,62.2461566503907
2022-09-13,59.1
2022-09-14,60.15
2022-09-15,56.35
2022-09-16,55.84
2022-09-17,57.82
2022-09-18,57.81219382579235
2022-09-19,52.87
2022-09-20,52.36
2022-09-21,51.24
2022-09-22,53.51
2022-09-23,55.09
2022-09-24,55.09682707464822
2022-09-25,52.63
2022-09-26,53.43
2022-09-27,52.74
2022-09-28,53.31
2022-09-29,53.91
2022-09-30,53.914840750085
2022-10-01,52.91
2022-10-02,51.91
2022-10-03,54.18
2022-10-04,55.3
2022-10-05,55.297164364545225
2022-10-06,53.49
2022-10-07,52.87
2022-10-08,52.8
2022-10-09,53.91
2022-10-10,52.76
2022-10-11,52.74790265451962
2022-10-12,52.22
2022-10-13,51.24
2022-10-14,51.32
2022-10-15,50.47
2022-10-16,51.48
2022-10-17,51.47489923897357
2022-10-18,51.88
2022-10-19,50.99
2022-10-20,51.19
2022-10-21,51.62
2022-10-22,52.18
2022-10-23,52.18155525503334
2022-10-24,52.57
2022-10-25,56.03
2022-10-26,56.39
2022-10-27,54.81
2022-10-28,55.0
2022-10-29,55.00160443698405
2022-10-30,55.39
2022-10-31,55.08
2022-11-01,55.13
2022-11-02,60.56
2022-11-03,60.5633245499255
2022-11-04,67.6
2022-11-05,69.72
2022-11-06,68.09
2022-11-07,67.65
2022-11-08,57.39
2022-11-09,57.444445064071154
2022-11-10,60.36
2022-11-11,61.24
2022-11-12,59.86
2022-11-13,57.49
2022-11-14,56.55
2022-11-15,56.54057741226085
2022-11-16,57.52
2022-11-17,62.48
2022-11-18,62.64
2022-11-19,63.81
2022-11-20,62.0
2022-11-21,62.00294303226416
2022-11-22,70.44
2022-11-23,79.0
2022-11-24,78.83
2022-11-25,74.03
2022-11-26,76.37
2022-11-27,76.38352725544888
2022-11-28,74.12
2022-11-29,75.98
2022-11-30,79.3
2022-12-01,77.52
2022-12-02,77.52196006772489
2022-12-03,76.6
2022-12-04,77.21
2022-12-05,80.26
2022-12-06,79.92
2022-12-07,77.04
2022-12-08,77.02951132020189
2022-12-09,76.33
2022-12-10,76.37
2022-12-11,76.63
2022-12-12,76.22
2022-12-13,77.34
2022-12-14,77.3529564869857
2022-12-15,72.34
2022-12-16,66.33
2022-12-17,64.96
2022-12-18,64.55
2022-12-19,63.34
2022-12-20,63.35120005199656
2022-12-21,65.39
2022-12-22,66.15
2022-12-23,65.77
2022-12-24,65.77
2022-12-25,65.77474741257504
2022-12-26,70.68
2022-12-27,68.75
2022-12-28,66.34
2022-12-29,66.75
2022-12-30,67.99
2022-12-31,67.99823290884146
2023-01-01,70.82
2023-01-02,74.86
2023-01-03,75.6
2023-01-04,75.43
2023-01-05,74.25
2023-01-06,74.25938777554931
2023-01-07,76.37
2023-01-08,77.68
2023-01-09,81.75
2023-01-10,80.89
2023-01-11,84.07
2023-01-12,84.06683783471732
2023-01-13,86.34
2023-01-14,87.81
2023-01-15,87.37
2023-01-16,85.83
2023-01-17,87.12
2023-01-18,87.12406127105224
2023-01-19,84.23
2023-01-20,90.49
2023-01-21,88.31
2023-01-22,87.63
2023-01-23,87.63065245311135
2023-01-24,87.2
2023-01-25,89.38
2023-01-26,87.59
2023-01-27,88.85
2023-01-28,89.6
2023-01-29,89.60147262804756
2023-01-30,91.26
2023-01-31,94.31
2023-02-01,100.44
2023-02-02,98.69
2023-02-03,99.97
2023-02-04,99.96023453266496
2023-02-05,96.46
2023-02-06,96.06
2023-02-07,100.93
2023-02-08,99.21
2023-02-09,92.1
2023-02-10,92.09505193680103
2023-02-11,94.43
2023-02-12,92.4
2023-02-13,91.12
2023-02-14,95.69
2023-02-15,102.8
2023-02-16,102.78801683977134
2023-02-17,100.31
2023-02-18,99.79
2023-02-19,97.56
2023-02-20,95.94
2023-02-21,95.94813478821945
2023-02-22,95.22
2023-02-23,94.69
2023-02-24,91.56
2023-02-25,93.26
2023-02-26,95.26
2023-02-27,95.25726342667659
2023-02-28,93.79
2023-03-01,97.74
2023-03-02,95.26
2023-03-03,90.55
2023-03-04,89.29
2023-03-05,89.28942799834584
2023-03-06,87.42
2023-03-07,86.3
2023-03-08,82.78
2023-03-09,76.73
2023-03-10,71.76
2023-03-11,71.74779258516271
2023-03-12,76.31
2023-03-13,81.77
2023-03-14,84.35
2023-03-15,76.43
2023-03-16,79.05
2023-03-17,79.05499205754057
2023-03-18,82.98
2023-03-19,84.44
2023-03-20,78.42
2023-03-21,82.74
2023-03-22,82.71698182207886
2023-03-23,93.7
2023-03-24,93.71
2023-03-25,91.58
2023-03-26,93.53
2023-03-27,89.25
2023-03-28,89.24317676841643
2023-03-29,91.34
2023-03-30,89.06
2023-03-31,89.68
2023-04-01,92.88
2023-04-02,93.02
2023-04-03,93.00566078160381
2023-04-04,92.6
2023-04-05,92.62
2023-04-06,90.93
2023-04-07,90.64
2023-04-08,89.98
2023-04-09,89.9766827678122
2023-04-10,93.82
2023-04-11,94.31
2023-04-12,92.5
2023-04-13,94.26
2023-04-14,96.45
2023-04-15,96.45269825608638
2023-04-16,100.27
2023-04-17,98.67
2023-04-18,101.85
2023-04-19,90.44
2023-04-20,90.43507172401092
2023-04-21,85.52
2023-04-22,87.1
2023-04-23,86.9
2023-04-24,88.41
2023-04-25,91.11
2023-04-26,91.10785780194948
2023-04-27,89.69
2023-04-28,89.73
2023-04-29,91.09
2023-04-30,88.53
2023-05-01,86.74
2023-05-02,86.74449277923803
2023-05-03,88.89
2023-05-04,88.49
2023-05-05,88.84
2023-05-06,83.63
2023-05-07,83.57
2023-05-08,83.56997351787827
2023-05-09,80.02
2023-05-10,81.07
2023-05-11,81.04
2023-05-12,80.5
2023-05-13,80.5026232353078
2023-05-14,83.44
2023-05-15,87.07
2023-05-16,89.86
2023-05-17,93.89
2023-05-18,90.54
2023-05-19,90.53280661350986
2023-05-20,92.37
2023-05-21,92.28
2023-05-22,90.95
2023-05-23,91.63
2023-05-24,86.0
2023-05-25,85.98468385577256
2023-05-26,87.27
2023-05-27,88.65
2023-05-28,91.58
2023-05-29,91.0
2023-05-30,92.33
2023-05-31,92.32270911768309
2023-06-01,93.97
2023-06-02,95.42
2023-06-03,95.99
2023-06-04,94.29
2023-06-05,87.83
2023-06-06,87.8286161064227
2023-06-07,90.91618183440418
2023-06-08,88.85504132762752
2023-06-09,88.47003796401215
2023-06-10,89.23345029769429
2023-06-11,77.34902708097782
2023-06-12,77.69596602189978
2023-06-13,77.5454521987541
2023-06-14,77.44378164430654
2023-06-15,73.16604296844505
2023-06-16,74.52815197470834
2023-06-17,76.05306071873675
2023-06-18,76.90868497462084
2023-06-19,77.17976396870627
2023-06-20,77.42571971742235
2023-06-21,80.30741834820688
2023-06-22,85.1505074807636
2023-06-23,86.06431511055825
2023-06-24,91.21172243379263
2023-06-25,89.74047631703833
2023-06-26,88.26795302177123
2023-06-27,87.27226545574055
2023-06-28,88.01544174356421
2023-06-29,83.05781088779469
2023-06-30,84.7687507736244
2023-07-01,108.2017460224977
2023-07-02,107.22595273475012
2023-07-03,113.23170351805194
2023-07-04,106.95414708761189
2023-07-05,104.69001436215697
2023-07-06,102.67760556222431
2023-07-07,95.64627810036342
2023-07-08,98.24229252945358
2023-07-09,97.87844895353514
2023-07-10,95.18221182980673
2023-07-11,96.73770354244695
2023-07-12,96.78522864798914
2023-07-13,96.27791925574265
2023-07-14,101.92617411967544
2023-07-15,95.16153294481526
2023-07-16,94.75725790293761
2023-07-17,92.91064379762287
2023-07-18,92.29017109996187
2023-07-19,91.51500403264119
2023-07-20,92.15346537665448
2023-07-21,92.38404060468223
2023-07-22,94.04817493857831
2023-07-23,92.06299383297169
2023-07-24,93.24933545074936
2023-07-25,89.1550329477198
2023-07-26,89.53092851627916
2023-07-27,90.62695176820664
2023-07-28,90.49320594084178
2023-07-29,91.5191879985431
2023-07-30,94.57042252995713
2023-07-31,94.08932979884642
2023-08-01,92.24426156147724
2023-08-02,93.81850061783344
2023-08-03,87.49172481420518
2023-08-04,82.69333672607192
2023-08-05,82.08646781929369
2023-08-06,83.10028970917935
2023-08-07,82.47097993900026
2023-08-08,82.34269189136829
2023-08-09,83.95451203208741
2023-08-10,84.03833814813743
2023-08-11,83.03477765625726
2023-08-12,83.49497580204634
2023-08-13,83.45048283534175
2023-08-14,81.97904156390163
2023-08-15,82.06822947565831
2023-08-16,79.27622810792185
2023-08-17,74.47918107936965
2023-08-18,65.0941937568163
2023-08-19,64.08513602256606
2023-08-20,64.10791701417754
2023-08-21,65.25150519975533
2023-08-22,66.95895262203523
2023-08-23,64.77369868555876
2023-08-24,65.61208688571517
2023-08-25,64.88139472955618
2023-08-26,65.11289095625432
2023-08-27,65.01039763772903
2023-08-28,65.36781044931185
2023-08-29,65.54174991574702
2023-08-30,68.8930679265706
2023-08-31,67.66082239060968
2023-09-01,63.94606944172231
2023-09-02,63.0091450072161
2023-09-03,64.56390147305456
2023-09-04,63.93650175394193
2023-09-05,63.71334848704242
2023-09-06,63.118564847036666
2023-09-07,62.84364062270036
2023-09-08,63.62635013851971
2023-09-09,62.5785964458119
2023-09-10,63.083092529769814
2023-09-11,61.11949660692157
2023-09-12,58.83630761964638
2023-09-13,60.01713697812128
2023-09-14,62.00201521297783
2023-09-15,62.816549484023334
2023-09-16,65.99067026607753
2023-09-17,65.3468007013727
2023-09-18,63.57775342940334
2023-09-19,65.89329872276565
2023-09-20,67.33396162329905
2023-09-21,64.56512306887224
2023-09-22,64.69171199102288
2023-09-23,64.3349095642555
2023-09-24,65.08006240176066
2023-09-25,63.58618883444836
2023-09-26,64.33315941302773
2023-09-27,63.756335839606166
2023-09-28,63.48718559276733
2023-09-29,65.24065874993121
2023-09-30,65.63077958407095
2023-10-01,66.06881165088016
2023-10-02,68.22895053304212
2023-10-03,66.00701982680722
2023-10-04,65.4983882583775
2023-10-05,64.45919879172578
2023-10-06,64.85737339219955
2023-10-07,65.53359733700944
2023-10-08,65.48717892566589
2023-10-09,65.3643946981581
2023-10-10,63.10908484793314
2023-10-11,63.61977659392523
2023-10-12,61.50113892772341
2023-10-13,61.12719696726883
2023-10-14,61.57458352811818
2023-10-15,61.664009523242726
2023-10-16,61.65710100243516
2023-10-17,63.33576460650583
2023-10-18,62.15605736132785
2023-10-19,60.27848392563251
2023-10-20,61.788866409797194
2023-10-21,63.4182961969757
2023-10-22,64.73735528866315
2023-10-23,65.3715858250107
2023-10-24,68.99135541798971
2023-10-25,69.04978223103141
2023-10-26,68.69750197957742
2023-10-27,68.84865887103462
2023-10-28,67.05213736905438
2023-10-29,67.77807879000653
2023-10-30,68.80012671994358
2023-10-31,69.24955248508464
2023-11-01,68.94948090843208
2023-11-02,69.93855205826863
2023-11-03,69.38985619995536
2023-11-04,69.49091915556636
2023-11-05,70.45054973873228
2023-11-06,71.66227347087509
2023-11-07,74.48507138857228
2023-11-08,73.56032974811434
2023-11-09,73.17978195950867
2023-11-10,73.75567000738609
2023-11-11,73.300338802432
2023-11-12,75.17199883112629
2023-11-13,74.89793253623996
2023-11-14,71.4411035866283
2023-11-15,70.635923871354
2023-11-16,74.0800613640205
2023-11-17,71.14912844561647
2023-11-18,70.19162126743765
2023-11-19,69.89537050978467
2023-11-20,70.63932346335964
2023-11-21,69.51912056994011
2023-11-22,66.44966743705288
2023-11-23,68.70059099616697
2023-11-24,69.51110760509222
2023-11-25,70.73846374097977
2023-11-26,71.8361085703793
2023-11-27,70.05546505993249
2023-11-28,69.24423918716437
2023-11-29,69.73710708475078
2023-11-30,69.98896911708843
2023-12-01,69.4422797659579
2023-12-02,71.54443676426651
2023-12-03,72.27241583618405
2023-12-04,72.2597751316416
2023-12-05,72.83030429277407
2023-12-06,74.28897558651612
2023-12-07,72.42969687616466
2023-12-08,74.06021548707636
2023-12-09,78.40948155651762
2023-12-10,76.28400383465087
2023-12-11,77.14701886942603
2023-12-12,72.65022460035945
2023-12-13,72.40437454213286
2023-12-14,73.19517574983337
2023-12-15,72.9629419684684
2023-12-16,70.95692898490495
2023-12-17,72.13315795716757
2023-12-18,71.22341437212953
2023-12-19,70.80675309455083
2023-12-20,70.61554157516152
2023-12-21,69.8098222535035
2023-12-22,70.92400460152838
2023-12-23,73.72219610629905
2023-12-24,72.53601514575539
2023-12-25,71.17684846075831
2023-12-26,72.27474400733954
2023-12-27,73.15015112460635
2023-12-28,75.87058315777251
2023-12-29,76.71388842116866
2023-12-30,73.40197928941242
2023-12-31,73.30585394038769
2024-01-01,72.91329456496275
2024-01-02,74.72974644064676
2024-01-03,72.98516598278212
2024-01-04,65.30128524972011
2024-01-05,66.48836461858674
2024-01-06,66.02498493805943
2024-01-07,65.6781800392447
2024-01-08,64.25442188692948
2024-01-09,67.8129751772859
2024-01-10,66.95327297246811
2024-01-11,69.91801203672529
2024-01-12,71.97541947728749
2024-01-13,72.89346668420605
2024-01-14,71.98598953082256
2024-01-15,69.79604995978133
2024-01-16,69.22520315165777
2024-01-17,69.46499478860142
2024-01-18,69.38743548009828
2024-01-19,67.99487856359175
2024-01-20,71.18571745422611
2024-01-21,71.29935780053452
2024-01-22,71.61471473514239
2024-01-23,67.28893934029354
2024-01-24,65.45223969408651
2024-01-25,66.14049457546517
2024-01-26,65.4983408217609
2024-01-27,67.03558079434313
2024-01-28,68.07875592623566
2024-01-29,68.39154537439232
2024-01-30,68.45301434318884
2024-01-31,67.5161967783725
2024-02-01,66.75057008319969
2024-02-02,67.51678853845385
2024-02-03,68.00343158098309
2024-02-04,68.83360894950121
2024-02-05,66.9322862702312
2024-02-06,67.61926912930507
2024-02-07,68.29220522980864
2024-02-08,68.56172201034641
2024-02-09,70.56900887139798
2024-02-10,70.67526481220791
2024-02-11,70.80158506071828
2024-02-12,71.54494437613774
2024-02-13,72.93097592319975
2024-02-14,68.99977868489387
2024-02-15,69.89649783966942
2024-02-16,69.81440746213595
2024-02-17,70.61634636087852
2024-02-18,69.99020346612566
2024-02-19,70.73890987963671
2024-02-20,71.31291232922281
2024-02-21,69.65366325857572
2024-02-22,68.93953979292142
2024-02-23,68.76354813727605
2024-02-24,68.82627262704355
2024-02-25,70.38663449048695
2024-02-26,70.08729575412721
2024-02-27,71.9455437273837
2024-02-28,74.02571464388247
2024-02-29,74.58062848746582
2024-03-01,79.91729357629686
2024-03-02,85.05973058404263
2024-03-03,94.4261588633178
2024-03-04,90.6728225889897
2024-03-05,88.94632772153025
2024-03-06,82.03903502606909
2024-03-07,85.82997342082498
2024-03-08,88.10762219205137
2024-03-09,88.63091533770226
2024-03-10,90.84618664196555
2024-03-11,87.50587113503228
2024-03-12,103.79320719717556
2024-03-13,97.53800083432328
2024-03-14,97.32335610133187
2024-03-15,94.12076223636618
2024-03-16,89.71189296299161
2024-03-17,84.14225551712595
2024-03-18,85.85687526436814
2024-03-19,87.11251901128759
2024-03-20,78.58637234965953
2024-03-21,84.78901359118119
2024-03-22,85.70466637472224
2024-03-23,83.31150908395371
2024-03-24,85.42353684960091
2024-03-25,89.69075213908272
2024-03-26,90.72403477855173
2024-03-27,95.865125943212
2024-03-28,93.67551393583653
2024-03-29,94.2190153178386
2024-03-30,109.2439422366925
2024-03-31,102.86630098091842
2024-04-01,105.18340546516734
2024-04-02,99.37517388832457
2024-04-03,106.81896148178849
2024-04-04,98.57223789994563
2024-04-05,98.40848759839332
2024-04-06,98.04320626724902
2024-04-07,101.49998447226844
2024-04-08,101.17563570596589
2024-04-09,103.31105784140279
2024-04-10,97.4981212917248
2024-04-11,96.7004251812257
2024-04-12,98.68854301681367
2024-04-13,86.26397665002013
2024-04-14,77.59749552266832
2024-04-15,79.9156889489235
2024-04-16,78.07255671849133
2024-04-17,79.92552321485988
2024-04-18,80.16756207213959
2024-04-19,80.79938423260342
2024-04-20,80.90920946889673
2024-04-21,85.09185875796663
2024-04-22,84.16493046269609
2024-04-23,85.46779875423735
2024-04-24,85.10782542027967
2024-04-25,83.16600008205221
2024-04-26,83.79810161966232
2024-04-27,87.99190001067157
2024-04-28,83.88262895260445
2024-04-29,83.95268226950058
2024-04-30,83.51441326954026
2024-05-01,79.49533831557628
2024-05-02,80.09586657338913
2024-05-03,80.12277468531188
2024-05-04,81.92999076058767
2024-05-05,81.68703629069026
2024-05-06,81.3753550525054
2024-05-07,80.78755997229305
2024-05-08,80.81817045570246
2024-05-09,81.63635579628671
2024-05-10,83.05730303474022
2024-05-11,80.22695625604192
2024-05-12,81.3473337500588
2024-05-13,81.38281089925408
2024-05-14,80.60125794528489
2024-05-15,78.73134144739743
2024-05-16,82.53449706236582
2024-05-17,82.45674155413583
2024-05-18,84.18548356594431
2024-05-19,83.86664915342675
2024-05-20,82.22121077681834
2024-05-21,88.60157775835117
2024-05-22,88.21330918105448
2024-05-23,85.71488490180174
2024-05-24,85.41560448523475
2024-05-25,84.98181326720203
2024-05-26,84.98089353494174
2024-05-27,83.8999259767431
2024-05-28,85.21217819916176
2024-05-29,83.3997493612449
2024-05-30,83.48163128315156
2024-05-31,84.41935312340051
2024-06-01,83.23851761501376
2024-06-02,83.4337115418956
2024-06-03,83.0537578608055
2024-06-04,82.9207355854457
