2018-07-03,2.9378659348183795
2018-07-04,2.0479850683251923
2018-07-05,1.969391918199654
2018-07-06,1.5280326087828853
2018-07-07,1.7963043296002026
2018-07-08,1.8446403170813672
2018-07-09,2.361796682322672
2018-07-10,2.280764008544281
2018-07-11,2.274072995496755
2018-07-12,2.1256143580967763
2018-07-13,1.8816336143548984
2018-07-14,1.995723772885436
2018-07-15,2.001383994766957
2018-07-16,2.2183920424369763
2018-07-17,2.3776087160008164
2018-07-18,2.4802735787066057
2018-07-19,2.3549783792403733
2018-07-20,2.2982548308258104
2018-07-21,2.087353114850176
2018-07-22,2.193720231404076
2018-07-23,2.2268116759345165
2018-07-24,2.217565897883201
2018-07-25,2.1690898967114274
2018-07-26,2.1283874094084294
2018-07-27,2.061315175328334
2018-07-28,2.113234767549601
2018-07-29,2.1056845791181047
2018-07-30,2.1071373993487303
2018-07-31,2.145322179882561
2018-08-01,1.9492356526373864
2018-08-02,1.889559669347092
2018-08-03,1.72199604446513
2018-08-04,1.8457969482793728
2018-08-05,1.890209432316914
2018-08-06,1.8550777640265623
2018-08-07,1.8202343638613667
2018-08-08,1.78168086820639
2018-08-09,1.6050954176269354
2018-08-10,1.6772179191743457
2018-08-11,1.5767328597344032
2018-08-12,1.5470979793524622
2018-08-13,1.5260510057457406
2018-08-14,1.3557057572422129
2018-08-15,1.3106130728782457
2018-08-16,1.4519993999048246
2018-08-17,1.377623261056174
2018-08-18,1.4816949338213148
2018-08-19,1.3913692190827471
2018-08-20,1.4022222065095822
2018-08-21,1.489929063593698
2018-08-22,1.3741221197859248
2018-08-23,1.2987125739907055
2018-08-24,1.3244913115692187
2018-08-25,1.381189366359941
2018-08-26,1.3880104400109234
2018-08-27,1.3288575216015293
2018-08-28,1.4034241845465445
2018-08-29,1.423524999824125
2018-08-30,1.3875258796377432
2018-08-31,1.3623489513228442
2018-09-01,1.396804661173927
2018-09-02,1.4279491131981952
2018-09-03,1.4213170311969217
2018-09-04,1.407521515769863
2018-09-05,1.423347007817127
2018-09-06,1.3081790284422203
2018-09-07,1.2373807225970432
2018-09-08,1.2190890482470125
2018-09-09,1.1438535027402412
2018-09-10,1.1896298174898572
2018-09-11,1.4047106738425272
2018-09-12,1.291950070701423
2018-09-13,1.2413538745315087
2018-09-14,1.334601248277874
2018-09-15,1.5676682399729729
2018-09-16,1.6319469873816246
2018-09-17,1.6747791222996131
2018-09-18,1.4931205882873366
2018-09-19,1.5317987243506388
2018-09-20,1.5335800051417392
2018-09-21,1.706975086277385
2018-09-22,1.6726500185203792
2018-09-23,1.6747668572673724
2018-09-24,1.7098776898631396
2018-09-25,1.6351031413186328
2018-09-26,1.5216669463842574
2018-09-27,1.4729486613197915
2018-09-28,1.4456258329890264
2018-09-29,1.4521511863492549
2018-09-30,1.4777268772913812
2018-10-01,1.4560014420727845
2018-10-02,1.3521599737989316
2018-10-03,1.3652218856166385
2018-10-04,1.3722328109809263
2018-10-05,1.3583547585880655
2018-10-06,1.324596928178458
2018-10-07,1.339538085405509
2018-10-08,1.309678245041183
2018-10-09,1.3482948968113475
2018-10-10,1.4020778774744085
2018-10-11,1.3776119644401534
2018-10-12,1.2907640077909164
2018-10-13,1.2511540094604496
2018-10-14,1.2607458923362609
2018-10-15,1.2328492776606177
2018-10-16,1.3874232795917505
2018-10-17,1.4799505886863686
2018-10-18,1.4291050059389896
2018-10-19,1.3392680751880697
2018-10-20,1.3164446650287147
2018-10-21,1.3387560674681709
2018-10-22,1.3539455818118338
2018-10-23,1.422787730164348
2018-10-24,1.3807390512256807
2018-10-25,1.351544288879489
2018-10-26,1.3480125771462808
2018-10-27,1.3554140627615914
2018-10-28,1.3462966239838356
2018-10-29,1.3461086273892438
2018-10-30,1.285589496645876
2018-10-31,1.291384842993642
2018-11-01,1.2978713072467316
2018-11-02,1.3089038020611068
2018-11-03,1.3150707392184573
2018-11-04,1.3189968006147632
2018-11-05,1.3068087705890854
2018-11-06,1.3085248732902004
2018-11-07,1.3298624908811476
2018-11-08,1.334379538810331
2018-11-09,1.3236906745000734
2018-11-10,1.298285363259368
2018-11-11,1.3117734737958566
2018-11-12,1.325419089493692
2018-11-13,1.272450724129316
2018-11-14,1.2627554075028475
2018-11-15,1.1335470543705246
2018-11-16,1.1164989135166412
2018-11-17,1.1162811135403967
2018-11-18,1.1037667608267068
2018-11-19,1.08881609784426
2018-11-20,0.8347307918819051
2018-11-21,0.7173412917890623
2018-11-22,0.7258649904450178
2018-11-23,0.6798583747913878
2018-11-24,0.6381480438248671
2018-11-25,0.5701376980027053
2018-11-26,0.5900078984237432
2018-11-27,0.5743241322691065
2018-11-28,0.5673467841671985
2018-11-29,0.5828041087886564
2018-11-30,0.5645595176112268
2018-12-01,0.4975805987228446
2018-12-02,0.5106298083360227
2018-12-03,0.491206578939779
2018-12-04,0.4395882623351543
2018-12-05,0.4349797914859019
2018-12-06,0.3912600181899234
2018-12-07,0.3504759947749136
2018-12-08,0.3740583256553204
2018-12-09,0.3871685698649013
2018-12-10,0.3983097685418119
2018-12-11,0.3549421250090232
2018-12-12,0.3643306903682015
2018-12-13,0.4117433954931958
2018-12-14,0.374781458765492
2018-12-15,0.3753782742544209
2018-12-16,0.3886355136542824
2018-12-17,0.3927953414212335
2018-12-18,0.4158681519757108
2018-12-19,0.4349002951066998
2018-12-20,0.4428693331174359
2018-12-21,0.4707626879366807
2018-12-22,0.4581749658467143
2018-12-23,0.4646660476524823
2018-12-24,0.5116588238851796
2018-12-25,0.5279199883848263
2018-12-26,0.4868749541218259
2018-12-27,0.5099849489021092
2018-12-28,0.4613756044744699
2018-12-29,0.4989711485572062
2018-12-30,0.5013777485918537
2018-12-31,0.4917134784327682
2019-01-01,0.4564826629068875
2019-01-02,0.473820797420778
2019-01-03,0.4785084823416016
2019-01-04,0.466452502641518
2019-01-05,0.4780984293435562
2019-01-06,0.4793617955169871
2019-01-07,0.4810270983296338
2019-01-08,0.4701737747032939
2019-01-09,0.4833664624422737
2019-01-10,0.4960155259160476
2019-01-11,0.447434870899241
2019-01-12,0.4437371302335116
2019-01-13,0.4189465959776001
2019-01-14,0.3891031086592738
2019-01-15,0.4147584766380771
2019-01-16,0.3968779716448705
2019-01-17,0.4185400887707202
2019-01-18,0.4187939028864422
2019-01-19,0.4260099190196947
2019-01-20,0.4238084063387136
2019-01-21,0.4214255085866707
2019-01-22,0.416650023955003
2019-01-23,0.4174984446572358
2019-01-24,0.4138847137084156
2019-01-25,0.4159837244323436
2019-01-26,0.4099239265309689
2019-01-27,0.4058809356633285
2019-01-28,0.397658964512301
2019-01-29,0.3757770230577351
2019-01-30,0.3701719602413056
2019-01-31,0.3761655372819191
2019-02-01,0.3761078953939494
2019-02-02,0.3800648337291133
2019-02-03,0.3822016721607837
2019-02-04,0.3723537397237754
2019-02-05,0.3700472409032988
2019-02-06,0.3719153389322838
2019-02-07,0.3671961066399347
2019-02-08,0.3625209681160611
2019-02-09,0.3873459581382662
2019-02-10,0.3794285735504951
2019-02-11,0.3787600790796386
2019-02-12,0.3823719934526883
2019-02-13,0.3885009088702425
2019-02-14,0.3935504618245313
2019-02-15,0.412146595532434
2019-02-16,0.4491535478224396
2019-02-17,0.4332918796490727
2019-02-18,0.4377665262923491
2019-02-19,0.4522248135485058
2019-02-20,0.4474971910798723
2019-02-21,0.4606894023305078
2019-02-22,0.4359997161248143
2019-02-23,0.4430291370248398
2019-02-24,0.4483194550044893
2019-02-25,0.4203996343847096
2019-02-26,0.4234288959237982
2019-02-27,0.4038215196700201
2019-02-28,0.40783965126766
2019-03-01,0.4068833055507812
2019-03-02,0.4073196905899947
2019-03-03,0.4010774776418239
2019-03-04,0.4014980708846602
2019-03-05,0.4026303235550315
2019-03-06,0.415845162541097
2019-03-07,0.4164927759070029
2019-03-08,0.4158935193832524
2019-03-09,0.4061992937657432
2019-03-10,0.4157059589169959
2019-03-11,0.4506963816694876
2019-03-12,0.4497946018434894
2019-03-13,0.455708955030198
2019-03-14,0.4501160261561941
2019-03-15,0.443910609818364
2019-03-16,0.4487555737667457
2019-03-17,0.500241515031558
2019-03-18,0.4895597919085028
2019-03-19,0.4895838364705194
2019-03-20,0.5775365518732657
2019-03-21,0.6260042847863063
2019-03-22,0.823258114058169
2019-03-23,0.7625132088203581
2019-03-24,0.722671635229032
2019-03-25,0.6684920246988145
2019-03-26,0.6894388740980738
2019-03-27,0.6662526376895944
2019-03-28,0.7179486392212743
2019-03-29,0.785980294899341
2019-03-30,0.9053301907034004
2019-03-31,0.9455146079591418
2019-04-01,1.0615062816400067
2019-04-02,0.9830992057854152
2019-04-03,1.0169834779368327
2019-04-04,0.9416760572293992
2019-04-05,0.8649173039806346
2019-04-06,1.0178836988276172
2019-04-07,0.9582880653094557
2019-04-08,0.9732509436179346
2019-04-09,0.935401126113798
2019-04-10,0.9294527050296106
2019-04-11,1.0218861705105051
2019-04-12,0.934177224983586
2019-04-13,0.9724014360327
2019-04-14,0.977773493705474
2019-04-15,1.1404180131407131
2019-04-16,1.0666914129405252
2019-04-17,1.149938075715826
2019-04-18,1.261541229975667
2019-04-19,1.3744551172967754
2019-04-20,1.3438695370116844
2019-04-21,1.3449306302306543
2019-04-22,1.3224743131570702
2019-04-23,1.3454458382501115
2019-04-24,1.4546892251318475
2019-04-25,1.234914914805609
2019-04-26,1.124193873530149
2019-04-27,1.1563996077231633
2019-04-28,1.2195765883988232
2019-04-29,1.1691504808215216
2019-04-30,1.1240448956111082
2019-05-01,1.2064250600449156
2019-05-02,1.1874427100865856
2019-05-03,1.286077499992755
2019-05-04,1.3005708690536033
2019-05-05,1.2003590307277825
2019-05-06,1.15583306350495
2019-05-07,1.2358783326009513
2019-05-08,1.2009001466452414
2019-05-09,1.1661947408085116
2019-05-10,1.1031329315264562
2019-05-11,1.113699181277569
2019-05-12,1.277475398882945
2019-05-13,1.2242736413288762
2019-05-14,1.3281900115681275
2019-05-15,1.4754585262197732
2019-05-16,1.7627831767104416
2019-05-17,1.7092187469387283
2019-05-18,1.6809957379643774
2019-05-19,1.6540368845694913
2019-05-20,1.8426058494386524
2019-05-21,1.6746629560738404
2019-05-22,1.6643786335492323
2019-05-23,1.5606559340229416
2019-05-24,1.6384756222364874
2019-05-25,1.584416179298828
2019-05-26,1.565181388542603
2019-05-27,1.6560567712269532
2019-05-28,1.6457187180752295
2019-05-29,1.5841570776713934
2019-05-30,1.5886948203253006
2019-05-31,1.487350898094534
2019-06-01,1.506862862115754
2019-06-02,1.4770864138608903
2019-06-03,1.5216059932273418
2019-06-04,1.3800793100387134
2019-06-05,1.213541675312216
2019-06-06,1.1854861945811612
2019-06-07,1.3271834843093293
2019-06-08,1.3201758092698936
2019-06-09,1.2619873018972256
2019-06-10,1.2206986492523424
2019-06-11,1.3003273014104375
2019-06-12,1.2868825519944944
2019-06-13,1.2712273147724826
2019-06-14,1.275743759582656
2019-06-15,1.2277947923114687
2019-06-16,1.241696042616356
2019-06-17,1.2905549951319728
2019-06-18,1.3214722984214855
2019-06-19,1.230831558992619
2019-06-20,1.200052680137174
2019-06-21,1.13198379751942
2019-06-22,1.1715067085462416
2019-06-23,1.22977848960546
2019-06-24,1.1958982992374465
2019-06-25,1.1627052522156318
2019-06-26,1.1006671082495634
2019-06-27,1.0869967921485053
2019-06-28,0.9764406671871944
2019-06-29,1.0086417376052497
2019-06-30,1.0337342227504056
2019-07-01,0.9353306166897096
2019-07-02,0.9222598694587332
2019-07-03,1.010493804370053
2019-07-04,1.2399730003767586
2019-07-05,1.2126086580486928
2019-07-06,1.2528999677127828
2019-07-07,1.2214395249208865
2019-07-08,1.1945282856663502
2019-07-09,1.2223842264161418
2019-07-10,1.2161794839609164
2019-07-11,1.1765857886780693
2019-07-12,1.0196123376737936
2019-07-13,1.0760737386071384
2019-07-14,0.9970529719592538
2019-07-15,0.9234953915368016
2019-07-16,0.9683657032458244
2019-07-17,0.8613793935736879
2019-07-18,0.9188435215756372
2019-07-19,0.9706849155947704
2019-07-20,0.9790739417547454
2019-07-21,1.0393509541415082
2019-07-22,1.0792869257082895
2019-07-23,1.1202964650823162
2019-07-24,1.0705060152062456
2019-07-25,1.0077218788361086
2019-07-26,1.02872411776458
2019-07-27,1.0354548456369237
2019-07-28,1.0111976928339643
2019-07-29,1.013881032131133
2019-07-30,1.012351437264642
2019-07-31,1.2205037870574733
2019-08-01,1.277189351986132
2019-08-02,1.396988403408033
2019-08-03,1.430641596606797
2019-08-04,1.4241398965423746
2019-08-05,1.433553524157084
2019-08-06,1.4538423984617388
2019-08-07,1.471680024941369
2019-08-08,1.3543969312675015
2019-08-09,1.5501508339819787
2019-08-10,1.4290253143364602
2019-08-11,1.3922348009212682
2019-08-12,1.3867147564615354
2019-08-13,1.362912213051106
2019-08-14,1.2589771994734469
2019-08-15,1.150798502865572
2019-08-16,1.222653107010518
2019-08-17,1.216781658476645
2019-08-18,1.1903872307693228
2019-08-19,1.1995925999184494
2019-08-20,1.212050989546546
2019-08-21,1.1579887411049845
2019-08-22,1.127342497298358
2019-08-23,1.1415039274596008
2019-08-24,1.1713186325255325
2019-08-25,1.1446218244274688
2019-08-26,1.1319725778225156
2019-08-27,1.1619805631731492
2019-08-28,1.126245139302432
2019-08-29,1.0519580261137205
2019-08-30,0.99443682873318
2019-08-31,1.0636405701556932
2019-09-01,1.0369408581907535
2019-09-02,1.0285242601507931
2019-09-03,1.0552514632840528
2019-09-04,1.038706243739184
2019-09-05,1.0309353698381196
2019-09-06,1.0138567711294173
2019-09-07,0.9946834250588416
2019-09-08,1.0266947856655946
2019-09-09,1.0627755563623549
2019-09-10,1.039503228120179
2019-09-11,1.0219872141681718
2019-09-12,1.0032224700638
2019-09-13,1.009827266482597
2019-09-14,0.97613623695285
2019-09-15,1.0012092827226795
2019-09-16,0.9984886613357548
2019-09-17,1.0013218122837646
2019-09-18,1.100636303196007
2019-09-19,1.0897212060600847
2019-09-20,1.1019953398800415
2019-09-21,1.0612322194203003
2019-09-22,1.0680980910480675
2019-09-23,1.0530006836335848
2019-09-24,1.050127250533479
2019-09-25,0.8839552328509551
2019-09-26,0.8510340187020254
2019-09-27,0.8464457368484395
2019-09-28,0.8860768494939414
2019-09-29,0.8948455384155288
2019-09-30,0.8810309466322153
2019-10-01,0.9022908689217536
2019-10-02,0.9408367966453252
2019-10-03,0.9408367966453252
2019-10-04,0.9181823606489184
2019-10-05,0.9193674942045498
2019-10-06,0.9069565249506072
2019-10-07,0.8659128621533543
2019-10-08,0.8973285497022875
2019-10-09,0.8957265487060833
2019-10-10,0.9423483001620382
2019-10-11,0.9142489856281576
2019-10-12,0.9027213314703568
2019-10-13,0.8897164598855983
2019-10-14,0.9045259566196951
2019-10-15,0.9373223654832956
2019-10-16,0.9042166866135812
2019-10-17,0.872232749142243
2019-10-18,0.8891314242332218
2019-10-19,0.8783707668943563
2019-10-20,0.8604950971745615
2019-10-21,0.8745955418887562
2019-10-22,0.8677999710871812
2019-10-23,0.832779101114507
2019-10-24,0.7549576064659326
2019-10-25,0.7640677411475522
2019-10-26,0.8350179800723329
2019-10-27,0.8293296747340668
2019-10-28,0.8708570027246457
2019-10-29,0.8673863941361336
2019-10-30,0.8771451079850286
2019-10-31,0.8809896332772168
2019-11-01,0.8855137685808715
2019-11-02,0.8749178950611619
2019-11-03,0.8626964373750525
2019-11-04,0.8628956355702612
2019-11-05,0.8855613613834707
2019-11-06,0.923377355126994
2019-11-07,1.0107953060205983
2019-11-08,1.2084411653642573
2019-11-09,1.1634191575382142
2019-11-10,1.2413916802783156
2019-11-11,1.230320478299064
2019-11-12,1.1727563867667536
2019-11-13,1.1687168601475242
2019-11-14,1.1256824732788973
2019-11-15,1.2172590528409812
2019-11-16,1.169942668655274
2019-11-17,1.1579392354223623
2019-11-18,1.1561020023766335
2019-11-19,1.2063446652125362
2019-11-20,1.215428570408337
2019-11-21,1.2071338684841249
2019-11-22,1.2125800287085404
2019-11-23,1.2131854247142402
2019-11-24,1.374961286856997
2019-11-25,1.311740204342703
2019-11-26,1.2402828212819803
2019-11-27,1.2348805500253237
2019-11-28,1.2475045120263863
2019-11-29,1.277074091849106
2019-11-30,1.3058828639246087
2019-12-01,1.3287832310307854
2019-12-02,1.2544463083790074
2019-12-03,1.2386458209169713
2019-12-04,1.2868251790035286
2019-12-05,1.2423031600365584
2019-12-06,1.286634370148966
2019-12-07,1.3788561723226915
2019-12-08,1.4435974134298022
2019-12-09,1.5982939210586729
2019-12-10,1.5528760009402307
2019-12-11,1.4754071325873237
2019-12-12,1.5755444632990134
2019-12-13,1.7737917916872925
2019-12-14,1.768999876096162
2019-12-15,1.6729776810280608
2019-12-16,1.6683963382514315
2019-12-17,1.6683640802497317
2019-12-18,1.535045097845933
2019-12-19,1.5937713876573512
2019-12-20,1.5016832325682472
2019-12-21,1.5865233979128253
2019-12-22,1.4707102431593213
2019-12-23,1.4671611865954233
2019-12-24,1.5137662445092486
2019-12-25,1.484887629604578
2019-12-26,1.400986601445786
2019-12-27,1.3629012021002946
2019-12-28,1.3749806020001134
2019-12-29,1.3259864168996525
2019-12-30,1.3029332208832591
2019-12-31,1.3219895699331885
2020-01-01,1.3518504519805006
2020-01-02,1.371278285546721
2020-01-03,1.2385140853034429
2020-01-04,1.2756569273030824
2020-01-05,1.2502835212778285
2020-01-06,1.2504643218563425
2020-01-07,1.2985669961558015
2020-01-08,1.2994297870659293
2020-01-09,1.3244151424864763
2020-01-10,1.2811152750258292
2020-01-11,1.3031230292315763
2020-01-12,1.2992177767042894
2020-01-13,1.3037669809994197
2020-01-14,1.2713225735767688
2020-01-15,1.328922527090787
2020-01-16,1.3434822125428214
2020-01-17,1.491464462688109
2020-01-18,1.4678017052603909
2020-01-19,1.481213754503549
2020-01-20,1.4193156738937858
2020-01-21,1.5855248289276316
2020-01-22,1.5315952238482549
2020-01-23,1.5847127838476236
2020-01-24,1.5541301909236889
2020-01-25,1.5111740531042666
2020-01-26,1.4958746119715416
2020-01-27,1.5236465047914869
2020-01-28,1.520721038667915
2020-01-29,1.5442419247432426
2020-01-30,1.5609431531752864
2020-01-31,1.6782081877164683
2020-02-01,1.6511331601467585
2020-02-02,1.738378834176183
2020-02-03,1.8975839215425525
2020-02-04,2.0185690911295526
2020-02-05,1.926408643256688
2020-02-06,2.1333129786960368
2020-02-07,2.1587817696511515
2020-02-08,2.200446890859596
2020-02-09,2.2848611211513705
2020-02-10,2.657383258277241
2020-02-11,2.6298175588062205
2020-02-12,2.9055659645916583
2020-02-13,3.313191393174652
2020-02-14,3.125955682369649
2020-02-15,3.4658486612114774
2020-02-16,3.183120704201783
2020-02-17,3.2436079058858422
2020-02-18,3.156930980837015
2020-02-19,3.458501243364299
2020-02-20,3.540708225487794
2020-02-21,3.62018028456785
2020-02-22,3.486160869627854
2020-02-23,3.307546734328654
2020-02-24,3.511814754482745
2020-02-25,3.1798428393814464
2020-02-26,2.8313902417165133
2020-02-27,2.766610559725584
2020-02-28,2.789181164970312
2020-02-29,2.7767998482043623
2020-03-01,2.7359276347821013
2020-03-02,2.622853112198903
2020-03-03,2.790932766484956
2020-03-04,2.754456560279008
2020-03-05,2.975662478401058
2020-03-06,3.067364044969095
2020-03-07,3.169612998879917
2020-03-08,3.002322494073866
2020-03-09,2.582978888441668
2020-03-10,2.530765522769773
2020-03-11,2.5827156904664514
2020-03-12,2.5196111660589
2020-03-13,1.348087012198147
2020-03-14,1.7745784877462385
2020-03-15,1.5833598056454286
2020-03-16,1.5633440390042683
2020-03-17,1.321411918566525
2020-03-18,1.3895779015294372
2020-03-19,1.3935392178858037
2020-03-20,1.635689135424627
2020-03-21,1.677161682033289
2020-03-22,1.6496005904340456
2020-03-23,1.476318595827775
2020-03-24,1.6810735574072868
2020-03-25,1.7649188382313163
2020-03-26,1.7148341300917742
2020-03-27,1.7518479570775305
2020-03-28,1.5793822559005943
2020-03-29,1.568513106703286
2020-03-30,1.478479309127274
2020-03-31,1.609164316650552
2020-04-01,1.6117917181295685
2020-04-02,1.6187444294748867
2020-04-03,1.666871492217508
2020-04-04,1.6758853906929556
2020-04-05,1.7012806139511891
2020-04-06,1.6718464683626566
2020-04-07,1.890019990166331
2020-04-08,1.9521079752776131
2020-04-09,2.1440765754665967
2020-04-10,2.1112092730581278
2020-04-11,1.9019498268995672
2020-04-12,1.9714404417317304
2020-04-13,1.9965167638413264
2020-04-14,1.9410760546973385
2020-04-15,1.9486548621531192
2020-04-16,1.9012232641652744
2020-04-17,2.0994985641896102
2020-04-18,2.0854637722613263
2020-04-19,2.330689471399
2020-04-20,2.248641292861024
2020-04-21,2.137385320939805
2020-04-22,2.1391255163982104
2020-04-23,2.333477276049138
2020-04-24,2.462808140756543
2020-04-25,2.7113213385353627
2020-04-26,2.857935919070494
2020-04-27,2.7674202806070696
2020-04-28,2.7434831660493244
2020-04-29,2.749601069481608
2020-04-30,2.9383964292239444
2020-05-01,2.7460934447862924
2020-05-02,2.807966616739096
2020-05-03,2.838611997375367
2020-05-04,2.740374063808892
2020-05-05,2.7796716306531284
2020-05-06,2.752416423487533
2020-05-07,2.635366631262154
2020-05-08,2.7186518473281085
2020-05-09,2.748290533456876
2020-05-10,2.81685446263515
2020-05-11,2.5571683667396616
2020-05-12,2.429212911800115
2020-05-13,2.5027880281020543
2020-05-14,2.56779839293846
2020-05-15,2.547399911938029
2020-05-16,2.482919273869329
2020-05-17,2.6296932127667625
2020-05-18,2.6184463128229813
2020-05-19,2.748363980540958
2020-05-20,2.831982901750078
2020-05-21,2.80943110405819
2020-05-22,2.634499986092702
2020-05-23,2.772017131927585
2020-05-24,2.7595223672958955
2020-05-25,2.6440170050774547
2020-05-26,2.737913809510576
2020-05-27,2.691375036840892
2020-05-28,2.703415855204504
2020-05-29,2.835715225222047
2020-05-30,2.8752373139985
2020-05-31,2.9153734789534527
2020-06-01,2.804772075322507
2020-06-02,2.970072009814529
2020-06-03,2.8978663199483616
2020-06-04,3.033473311655378
2020-06-05,3.00921263364659
2020-06-06,2.929089842262015
2020-06-07,2.9241265523692737
2020-06-08,2.8829933793553875
2020-06-09,2.943808357122885
2020-06-10,2.902179401485112
2020-06-11,2.8884238722748266
2020-06-12,2.624042012114652
2020-06-13,2.668935532118138
2020-06-14,2.69615255585674
2020-06-15,2.588224581192538
2020-06-16,2.624194657208786
2020-06-17,2.612816863922805
2020-06-18,2.67425367105118
2020-06-19,2.665943012737539
2020-06-20,2.6262731650451747
2020-06-21,2.6155046076312227
2020-06-22,2.5802562922928165
2020-06-23,2.680132551372414
2020-06-24,2.7812494210802656
2020-06-25,2.626836755270073
2020-06-26,2.584673790245706
2020-06-27,2.4821075020219285
2020-06-28,2.324311390378567
2020-06-29,2.365352152534619
2020-06-30,2.411152927734695
2020-07-01,2.359185185056801
2020-07-02,2.3975439630356923
2020-07-03,2.3327402462886773
2020-07-04,2.2786383583825223
2020-07-05,2.324618014354041
2020-07-06,2.284030474883826
2020-07-07,2.4405756302638486
2020-07-08,2.5083346152215
2020-07-09,2.649379007558943
2020-07-10,2.5286408950652257
2020-07-11,2.540265043694283
2020-07-12,2.690608622645249
2020-07-13,2.817359214770077
2020-07-14,2.898892408133816
2020-07-15,2.9666378698136358
2020-07-16,3.1784808628183243
2020-07-17,3.087491856471197
2020-07-18,3.1742855754208823
2020-07-19,3.0085784647486395
2020-07-20,2.9796899912096886
2020-07-21,2.7681113674034643
2020-07-22,3.010536513782533
2020-07-23,3.1057812130269093
2020-07-24,3.166258109763062
2020-07-25,3.032942262938654
2020-07-26,3.0605120427345005
2020-07-27,2.983106689034354
2020-07-28,2.816309767907384
2020-07-29,2.8347414666052857
2020-07-30,2.77640188774958
2020-07-31,2.807974966350112
2020-08-01,2.835769838295453
2020-08-02,3.044397384815073
2020-08-03,2.877215739525276
2020-08-04,3.065314751037421
2020-08-05,3.242633810412865
2020-08-06,3.1107292366131287
2020-08-07,3.244962592203114
2020-08-08,3.081214278013582
2020-08-09,3.38889702261124
2020-08-10,3.685632863124193
2020-08-11,4.219648940300373
2020-08-12,4.0105292222855935
2020-08-13,4.392701986235046
2020-08-14,4.0846787886522735
2020-08-15,4.111422761729625
2020-08-16,4.077192049226108
2020-08-17,4.249673648823784
2020-08-18,4.05115814418846
2020-08-19,3.826834866466353
2020-08-20,3.639349681606066
2020-08-21,3.864288343130648
2020-08-22,3.3762202069253227
2020-08-23,3.5872453781446905
2020-08-24,3.534987297278069
2020-08-25,3.695559559773098
2020-08-26,3.448239780308304
2020-08-27,3.369467629647428
2020-08-28,3.217766844466059
2020-08-29,3.266800713120414
2020-08-30,3.3576449819752177
2020-08-31,3.3861088512086006
2020-09-01,3.254892328606364
2020-09-02,3.440686856545332
2020-09-03,3.157616409717041
2020-09-04,2.566301217030674
2020-09-05,2.7515062887045683
2020-09-06,2.480068811943648
2020-09-07,2.5565194632695407
2020-09-08,2.548544975481435
2020-09-09,2.506194753361034
2020-09-10,2.528642751217984
2020-09-11,2.5733005368670483
2020-09-12,2.5606554142751468
2020-09-13,2.602259898830908
2020-09-14,2.6200743179839487
2020-09-15,2.6197800989083344
2020-09-16,2.5108561404581926
2020-09-17,2.474784536077704
2020-09-18,2.4754652192665225
2020-09-19,2.358634621064471
2020-09-20,2.317736311784912
2020-09-21,2.218382430091945
2020-09-22,1.9769134408541729
2020-09-23,2.1117227055126486
2020-09-24,1.9502795301209523
2020-09-25,2.151849066718838
2020-09-26,2.20525522338239
2020-09-27,2.169719737376364
2020-09-28,2.176855400196311
2020-09-29,2.2528462869815358
2020-09-30,2.226514237091828
2020-10-01,2.1986708711902945
2020-10-02,2.192612754917551
2020-10-03,2.089817138648428
2020-10-04,2.113728325222916
2020-10-05,2.115364616065431
2020-10-06,2.14309430996923
2020-10-07,2.063481508192917
2020-10-08,2.064760196210268
2020-10-09,2.112766577616348
2020-10-10,2.1984056702192154
2020-10-11,2.2113340031086928
2020-10-12,2.2501872424781126
2020-10-13,2.344449642599176
2020-10-14,2.3983923184009703
2020-10-15,2.286037671356125
2020-10-16,2.233376908908174
2020-10-17,2.165868331308656
2020-10-18,2.185566237282747
2020-10-19,2.2280928187831006
2020-10-20,2.191710164186787
2020-10-21,2.054159566882144
2020-10-22,2.126119987626069
2020-10-23,2.182838487089146
2020-10-24,2.217931647471253
2020-10-25,2.218725613867239
2020-10-26,2.163919847023061
2020-10-27,2.0929771587707178
2020-10-28,2.08319999351668
2020-10-29,2.0020101589867645
2020-10-30,1.933748968530617
2020-10-31,1.9002304321508816
2020-11-01,1.9765533926704808
2020-11-02,1.9864830771341764
2020-11-03,1.90004542228334
2020-11-04,1.867322746197062
2020-11-05,1.875678717940686
2020-11-06,1.885144654163736
2020-11-07,2.0869117353886977
2020-11-08,2.024486013170064
2020-11-09,2.0917534917347687
2020-11-10,2.092290667413292
2020-11-11,2.1481383217416505
2020-11-12,2.1230633304404947
2020-11-13,2.0685934857001578
2020-11-14,2.1492049380902336
2020-11-15,2.100576771183952
2020-11-16,2.01533477090304
2020-11-17,2.080394990369101
2020-11-18,2.139281142287572
2020-11-19,2.087573544200837
2020-11-20,2.077638323271076
2020-11-21,2.0988685761724004
2020-11-22,2.3790743323832206
2020-11-23,2.2736875687369182
2020-11-24,2.6178841198364555
2020-11-25,2.659412901439615
2020-11-26,2.6086231137583997
2020-11-27,2.242258144337232
2020-11-28,2.2509875615386563
2020-11-29,2.32251281526384
2020-11-30,2.3576806039738374
2020-12-01,2.4710028710027614
2020-12-02,2.3314919293142715
2020-12-03,2.397805828107536
2020-12-04,2.4059528321622508
2020-12-05,2.2842538544109576
2020-12-06,2.31995134927939
2020-12-07,2.322268815276081
2020-12-08,2.276358142033252
2020-12-09,2.152771999528809
2020-12-10,2.1811031879472624
2020-12-11,2.108492330965324
2020-12-12,2.0856678637104924
2020-12-13,2.132610969141969
2020-12-14,2.226696333435332
2020-12-15,2.222351396081997
2020-12-16,2.23214531561279
2020-12-17,2.360532130690257
2020-12-18,2.298666690652368
2020-12-19,2.323728092804498
2020-12-20,2.327574231871444
2020-12-21,2.268962499004899
2020-12-22,2.1890882724059466
2020-12-23,2.188145029278132
2020-12-24,1.8283269901797583
2020-12-25,2.0600134775618804
2020-12-26,2.0287842975173542
2020-12-27,1.980001472696876
2020-12-28,2.013742064492955
2020-12-29,2.121961491508916
2020-12-30,2.0554045994256684
2020-12-31,1.9895967819070648
2021-01-01,2.017079935212876
2021-01-02,2.0088636540830387
2021-01-03,2.0024487498268826
2021-01-04,2.130992266734892
2021-01-05,2.267126787840954
2021-01-06,2.3804644730706106
2021-01-07,2.6089093996320107
2021-01-08,2.5519901326720658
2021-01-09,2.4563153498569625
2021-01-10,2.643369401848031
2021-01-11,2.7794302927967114
2021-01-12,2.3349262044748924
2021-01-13,2.290594249728469
2021-01-14,2.487193552863672
2021-01-15,2.5403209112582066
2021-01-16,2.7283576178724647
2021-01-17,2.8849303055303843
2021-01-18,2.964515921163982
2021-01-19,3.01882995397156
2021-01-20,2.900198635333346
2021-01-21,2.908790050227364
2021-01-22,2.470253378000577
2021-01-23,2.938736537962039
2021-01-24,3.165882987401646
2021-01-25,3.0426407569512923
2021-01-26,2.9345749149204976
2021-01-27,2.9110120036385143
2021-01-28,2.806445003069661
2021-01-29,3.0360750194684494
2021-01-30,2.9049993382342514
2021-01-31,2.882529947641705
2021-02-01,2.833799114228397
2021-02-02,2.9048198140128534
2021-02-03,2.905544923762769
2021-02-04,3.0546380539580738
2021-02-05,2.9508467439710797
2021-02-06,3.446180970607201
2021-02-07,3.1755235184475774
2021-02-08,3.3111197509246644
2021-02-09,3.4119803381039824
2021-02-10,3.7664131429843617
2021-02-11,3.807048435276313
2021-02-12,4.111953754112434
2021-02-13,5.002380614484605
2021-02-14,5.300487435497739
2021-02-15,4.899082381035012
2021-02-16,4.51335335811717
2021-02-17,4.5108806263382375
2021-02-18,4.599713662426408
2021-02-19,4.855462332812241
2021-02-20,4.979972203129662
2021-02-21,4.687210450014555
2021-02-22,4.700975087167085
2021-02-23,4.302012017266234
2021-02-24,3.529451344253531
2021-02-25,3.5467738701891816
2021-02-26,3.33542096527716
2021-02-27,3.4750541048371693
2021-02-28,3.678158387717987
2021-03-01,3.4062486940007743
2021-03-02,3.653994283768054
2021-03-03,3.690405400696469
2021-03-04,3.865603908301413
2021-03-05,3.682725845203507
2021-03-06,3.781667666824756
2021-03-07,3.872420682679928
2021-03-08,4.206711704839067
2021-03-09,4.395730713472027
2021-03-10,4.475118090913018
2021-03-11,4.157908038155466
2021-03-12,4.118128057022113
2021-03-13,3.983616231735674
2021-03-14,4.1751395049450695
2021-03-15,4.002418807183685
2021-03-16,3.8422310779527935
2021-03-17,4.044837798875282
2021-03-18,4.397865349206183
2021-03-19,4.287957353166072
2021-03-20,4.245892494288015
2021-03-21,4.384321028342279
2021-03-22,4.178614291719099
2021-03-23,4.079178170314248
2021-03-24,4.1320026308022015
2021-03-25,4.013219328136062
2021-03-26,3.9182456459907553
2021-03-27,4.200465250253238
2021-03-28,4.104547964842599
2021-03-29,4.226836973474673
2021-03-30,4.57092411068831
2021-03-31,4.557137677922938
2021-04-01,4.800897614784022
2021-04-02,5.1010017927986535
2021-04-03,5.286493150363683
2021-04-04,4.7668836101968095
2021-04-05,5.125662991260828
2021-04-06,6.04834186513077
2021-04-07,6.208070531400591
2021-04-08,5.55059329527448
2021-04-09,6.1471692783755785
2021-04-10,6.72703935658223
2021-04-11,6.5676611948018
2021-04-12,6.449973047362115
2021-04-13,6.282093339551047
2021-04-14,6.5561646082863945
2021-04-15,6.572046183644114
2021-04-16,6.814261897947692
2021-04-17,7.232065575246018
2021-04-18,7.074653917344337
2021-04-19,6.163786672310158
2021-04-20,5.483260443597826
2021-04-21,5.665682387518577
2021-04-22,5.371587800410148
2021-04-23,4.977189875325223
2021-04-24,4.821423475859851
2021-04-25,4.470759903695479
2021-04-26,4.438241709722153
2021-04-27,5.218161119594764
2021-04-28,5.416634297311856
2021-04-29,5.239668230677627
2021-04-30,5.233309636337316
2021-05-01,5.613054470723549
2021-05-02,5.818843426018477
2021-05-03,5.595541194358808
2021-05-04,6.017768725503976
2021-05-05,5.4908312782130135
2021-05-06,6.625113390683463
2021-05-07,7.541138036868234
2021-05-08,7.110856028927191
2021-05-09,6.98165614884008
2021-05-10,7.079112968382571
2021-05-11,6.21314110092657
2021-05-12,7.093875465687186
2021-05-13,6.001139668029342
2021-05-14,6.149747425886735
2021-05-15,6.478836152458656
2021-05-16,5.753168013309625
2021-05-17,5.690904721896339
2021-05-18,5.179652750066151
2021-05-19,5.723557371617932
2021-05-20,3.6832300870888206
2021-05-21,4.113030225535561
2021-05-22,3.644271362255608
2021-05-23,3.436556379938017
2021-05-24,2.939956326714582
2021-05-25,3.5191174642319045
2021-05-26,3.642754482152169
2021-05-27,3.917213562204779
2021-05-28,3.853090258916165
2021-05-29,3.402399955018758
2021-05-30,3.2167952185626465
2021-05-31,3.283133814347242
2021-06-01,3.600299326885145
2021-06-02,3.682690543780841
2021-06-03,3.817528871766741
2021-06-04,3.880111180561432
2021-06-05,3.561982591288345
2021-06-06,3.415127934789525
2021-06-07,3.8586403722993783
2021-06-08,3.4694279173438303
2021-06-09,3.46682171143783
2021-06-10,3.505548301195544
2021-06-11,3.269087447667878
2021-06-12,3.128944006459161
2021-06-13,3.164327215529226
2021-06-14,3.3136532960054907
2021-06-15,3.3543131348367674
2021-06-16,3.291639276339046
2021-06-17,3.109109447374082
2021-06-18,3.368594668361802
2021-06-19,3.0905444135860614
2021-06-20,3.034796600028382
2021-06-21,3.0852163887106308
2021-06-22,2.5108328205756987
2021-06-23,2.3586986609968226
2021-06-24,2.6851148983684863
2021-06-25,2.807341450970148
2021-06-26,2.564526324159838
2021-06-27,2.5268021141706467
2021-06-28,2.624038760178379
2021-06-29,2.7062097103316267
2021-06-30,2.9717379925829506
2021-07-01,3.0285439013255084
2021-07-02,2.9528448705194803
2021-07-03,2.965939751034525
2021-07-04,3.0035248900470126
2021-07-05,3.0516350388959705
2021-07-06,2.8470450561792697
2021-07-07,2.864623480159685
2021-07-08,2.883807078336316
2021-07-09,2.709627916640297
2021-07-10,2.76719426898703
2021-07-11,2.801912370773382
2021-07-12,2.847995886398754
2021-07-13,2.8239994742133416
2021-07-14,2.7904385112605787
2021-07-15,2.7188136524895428
2021-07-16,2.562964798076264
2021-07-17,2.412031754457218
2021-07-18,2.4114608816168213
2021-07-19,2.4535819510025334
2021-07-20,2.323186869967108
2021-07-21,2.1651229023341565
2021-07-22,2.4076094761491955
2021-07-23,2.510667761034179
2021-07-24,2.6842481212167955
2021-07-25,2.8174667752221003
2021-07-26,2.916054568587088
2021-07-27,2.8378369805062063
2021-07-28,2.8480146072719617
2021-07-29,2.7981277649240903
2021-07-30,2.842497329419506
2021-07-31,2.962413007361473
2021-08-01,3.05480771968716
2021-08-02,2.9499414724779527
2021-08-03,3.152587434548708
2021-08-04,3.067710075180407
2021-08-05,3.1817794826875083
2021-08-06,3.230102544170571
2021-08-07,3.3579092372733705
2021-08-08,3.4132310680426907
2021-08-09,3.179415843902639
2021-08-10,3.277410434677757
2021-08-11,3.269727566450054
2021-08-12,3.462409491687907
2021-08-13,3.352745497502004
2021-08-14,3.5896629819401173
2021-08-15,3.695564153945256
2021-08-16,3.733550402440166
2021-08-17,3.6447089861897504
2021-08-18,3.4062618023818403
2021-08-19,3.3774926101511373
2021-08-20,3.59905959378501
2021-08-21,3.711337771217724
2021-08-22,3.687156212536843
2021-08-23,3.784732333029052
2021-08-24,4.307103107238585
2021-08-25,3.9678123323514622
2021-08-26,5.025524698872199
2021-08-27,4.492379932236366
2021-08-28,5.218353331719646
2021-08-29,5.6389128602504
2021-08-30,5.912578647909966
2021-08-31,5.379827448926365
2021-09-01,5.195205821190282
2021-09-02,5.419560874346175
2021-09-03,5.299673949682594
2021-09-04,5.3068801656285896
2021-09-05,5.419352076781863
2021-09-06,5.541506297925475
2021-09-07,5.615922771105307
2021-09-08,4.412167726343004
2021-09-09,4.366948337821361
2021-09-10,5.544916680567487
2021-09-11,6.221669798156379
2021-09-12,6.10496673032843
2021-09-13,7.084283336745076
2021-09-14,7.155904048542667
2021-09-15,7.111876507405563
2021-09-16,6.9191078103198
2021-09-17,6.997875289906352
2021-09-18,6.116856157642638
2021-09-19,6.429752116571952
2021-09-20,6.55474141374614
2021-09-21,5.30272816611977
2021-09-22,4.600347574768684
2021-09-23,5.563600132494718
2021-09-24,6.265739133456205
2021-09-25,6.924687369493409
2021-09-26,6.90085216580381
2021-09-27,6.531672916559405
2021-09-28,6.059994630572482
2021-09-29,5.518814821437267
2021-09-30,5.633425096237928
2021-10-01,5.990525942150536
2021-10-02,6.620266078272061
2021-10-03,7.3074957593127055
2021-10-04,8.552075627779084
2021-10-05,8.353070356899977
2021-10-06,7.983251447364734
2021-10-07,7.812109164866137
2021-10-08,7.602232447169177
2021-10-09,7.299589812195162
2021-10-10,7.583942889606876
2021-10-11,6.9826021563954
2021-10-12,6.910465915764709
2021-10-13,7.068505730168313
2021-10-14,7.308849639322328
2021-10-15,7.126165285267568
2021-10-16,6.875885367405432
2021-10-17,6.927911124535922
2021-10-18,6.640455148709123
2021-10-19,6.544494693584749
2021-10-20,6.76186556353024
2021-10-21,7.050205644541212
2021-10-22,6.679849279648627
2021-10-23,6.734493393026597
2021-10-24,6.764413391942446
2021-10-25,6.4953973466163655
2021-10-26,6.637634439719149
2021-10-27,6.821305432000173
2021-10-28,5.892478546861154
2021-10-29,6.142396110481114
2021-10-30,6.540381327380923
2021-10-31,6.300351290749713
2021-11-01,6.334930560262994
2021-11-02,6.260192736520551
2021-11-03,6.252876433694893
2021-11-04,6.320465333517566
2021-11-05,6.340912151601994
2021-11-06,6.495774450442505
2021-11-07,6.434280761998799
2021-11-08,6.382027273784567
2021-11-09,6.497373834432593
2021-11-10,6.316870186961251
2021-11-11,5.804507927486643
2021-11-12,5.90118435820426
2021-11-13,5.771667501241281
2021-11-14,5.965345481036919
2021-11-15,5.866364999431188
2021-11-16,5.742621816650956
2021-11-17,5.270174412389084
2021-11-18,5.243657615766431
2021-11-19,4.7852058254050975
2021-11-20,5.305626466247568
2021-11-21,5.541844970321061
2021-11-22,5.315624119445527
2021-11-23,5.027082678384477
2021-11-24,5.106364750964072
2021-11-25,4.894321288556585
2021-11-26,5.049159137715432
2021-11-27,4.646829389755117
2021-11-28,4.589214561946087
2021-11-29,4.63589808486713
2021-11-30,5.613419843055888
2021-12-01,5.55521659760375
2021-12-02,5.20611616994292
2021-12-03,5.085656508752648
2021-12-04,4.806026021959294
2021-12-05,4.1318040310288096
2021-12-06,3.86745176704099
2021-12-07,4.184510169812826
2021-12-08,5.600973644166011
2021-12-09,5.707629509480035
2021-12-10,4.946601361485855
2021-12-11,4.398584138324293
2021-12-12,4.52056565193856
2021-12-13,4.540431976039533
2021-12-14,4.057657090549839
2021-12-15,4.505313071337138
2021-12-16,4.510436742669078
2021-12-17,4.344135885325262
2021-12-18,4.17633173823679
2021-12-19,4.252784498003884
2021-12-20,4.1470306341648975
2021-12-21,4.11231476362891
2021-12-22,4.248957947382392
2021-12-23,4.534940344070924
2021-12-24,4.75910777799765
2021-12-25,4.494509990342855
2021-12-26,4.632518962132503
2021-12-27,4.864280478618657
2021-12-28,5.110581864755041
2021-12-29,4.521470472614726
2021-12-30,4.334946800172009
2021-12-31,4.348243286886605
2022-01-01,4.3598286908340125
2022-01-02,4.735826188345617
2022-01-03,4.682355658279236
2022-01-04,4.820338013392495
2022-01-05,5.05622662873512
2022-01-06,4.567282593552963
2022-01-07,4.471379349539013
2022-01-08,4.266407448694937
2022-01-09,4.021324832213267
2022-01-10,4.230879234372933
2022-01-11,4.0358090887444
2022-01-12,4.176083752984111
2022-01-13,4.394364948877866
2022-01-14,4.147706451448879
2022-01-15,4.294493189975226
2022-01-16,4.289236104590701
2022-01-17,4.29813487649604
2022-01-18,4.070633288458347
2022-01-19,4.117122789427313
2022-01-20,3.8972052633682734
2022-01-21,3.703393739400128
2022-01-22,3.335449177663342
2022-01-23,2.9512816330509684
2022-01-24,3.0737094614251594
2022-01-25,2.98047183442449
2022-01-26,2.9409768571808703
2022-01-27,2.956674109302717
2022-01-28,2.920185514118543
2022-01-29,3.034854550935703
2022-01-30,3.097124626551287
2022-01-31,3.291432956596295
2022-02-01,3.5011511702672173
2022-02-02,3.7571398053953473
2022-02-03,3.755763675046135
2022-02-04,3.818228756881626
2022-02-05,4.017034081231268
2022-02-06,3.948211613605188
2022-02-07,3.9270960657532528
2022-02-08,4.134284984113831
2022-02-09,4.41476561936279
2022-02-10,4.464859169520698
2022-02-11,4.153151926790914
2022-02-12,4.270881839233222
2022-02-13,4.0933604441790346
2022-02-14,3.8798004750502697
2022-02-15,3.952331336017084
2022-02-16,4.155186616253818
2022-02-17,4.056147949053234
2022-02-18,3.693095260519572
2022-02-19,3.635603167579304
2022-02-20,3.614010375807451
2022-02-21,3.2820735439902946
2022-02-22,2.982604912295481
2022-02-23,3.071491627109207
2022-02-24,2.9624930908298235
2022-02-25,3.030660053193787
2022-02-26,3.208672092191283
2022-02-27,3.4097152481963544
2022-02-28,3.126621678717336
2022-03-01,3.5298375761028904
2022-03-02,3.492661335264571
2022-03-03,3.4896008488743706
2022-03-04,3.396913206611341
2022-03-05,3.0762569877548205
2022-03-06,3.150159190455332
2022-03-07,2.976822943961648
2022-03-08,2.937213463676301
2022-03-09,3.0082022947008222
2022-03-10,3.184209090307712
2022-03-11,3.0551329680261947
2022-03-12,2.9936482852723136
2022-03-13,3.035411528484204
2022-03-14,2.91881568821799
2022-03-15,3.001023758851941
2022-03-16,2.971544512536041
2022-03-17,3.09963196907285
2022-03-18,3.08804545562206
2022-03-19,3.1615426116881564
2022-03-20,3.249919126260556
2022-03-21,3.32990084021536
2022-03-22,3.2451784621807644
2022-03-23,3.2992460038384728
2022-03-24,3.4607588480905416
2022-03-25,3.5149083958656635
2022-03-26,3.5121528678478717
2022-03-27,3.649726405254839
2022-03-28,3.841765526038179
2022-03-29,3.7186642420006737
2022-03-30,3.790910701560894
2022-03-31,3.840404196118139
2022-04-01,3.7200000791885945
2022-04-02,3.90951506521109
2022-04-03,3.9052582966952913
2022-04-04,4.036706432540759
2022-04-05,3.8922701743193056
2022-04-06,3.682609284434915
2022-04-07,3.2685659890933096
2022-04-08,3.39740308256545
2022-04-09,3.1743863093467373
2022-04-10,3.2065618315319115
2022-04-11,3.152877632310882
2022-04-12,2.9591861456065263
2022-04-13,3.080697816246531
2022-04-14,3.1830738387176942
2022-04-15,3.1129305041166906
2022-04-16,3.2058282824820523
2022-04-17,3.2915122958186536
2022-04-18,3.1008072673303277
2022-04-19,3.176348584450873
2022-04-20,3.2331524490342045
2022-04-21,3.14814601032457
2022-04-22,3.034763357193345
2022-04-23,3.0883692755989505
2022-04-24,3.013298997442926
2022-04-25,2.965893340391609
2022-04-26,2.9532750260640186
2022-04-27,2.787782872592886
2022-04-28,2.816275114991679
2022-04-29,2.803818854232497
2022-04-30,2.687287252688837
2022-05-01,2.534655656998304
2022-05-02,2.582513933942967
2022-05-03,2.4987982895858423
2022-05-04,2.4862249584969587
2022-05-05,2.7050367617677376
2022-05-06,2.493966479053768
2022-05-07,2.512901398781627
2022-05-08,2.5176483188930985
2022-05-09,2.550950219251257
2022-05-10,2.0373424794007846
2022-05-11,2.118819473529568
2022-05-12,1.7797112952101035
2022-05-13,1.6833700989355949
2022-05-14,1.7632026088648638
2022-05-15,1.8369008071016744
2022-05-16,1.9142371116248156
2022-05-17,1.7734380272924777
2022-05-18,1.861443656424267
2022-05-19,1.6758646262460886
2022-05-20,1.7627020050563995
2022-05-21,1.741843260993745
2022-05-22,1.8248655079716305
2022-05-23,1.986832244487015
2022-05-24,1.877789079939005
2022-05-25,2.115192292455514
2022-05-26,2.121447697441082
2022-05-27,1.88143881622538
2022-05-28,1.813522103367148
2022-05-29,1.969204685161108
2022-05-30,1.9897246479716717
2022-05-31,2.151043124628868
2022-06-01,2.10746863238932
2022-06-02,1.948545555369409
2022-06-03,1.9880759466455655
2022-06-04,1.900582312463133
2022-06-05,1.9096484884337463
2022-06-06,1.957000921596408
2022-06-07,2.063677690868053
2022-06-08,2.07872276068658
2022-06-09,2.0723301248420904
2022-06-10,2.2243051421995106
2022-06-11,1.9747548388299372
2022-06-12,1.801964218850468
2022-06-13,1.6562747316925877
2022-06-14,1.3957791181017296
2022-06-15,1.456205501490533
2022-06-16,1.522075244356771
2022-06-17,1.3595983727855776
2022-06-18,1.3891166468931266
2022-06-19,1.2912008269018138
2022-06-20,1.387787065028169
2022-06-21,1.4525485428327731
2022-06-22,1.4189538251243363
2022-06-23,1.349132761642237
2022-06-24,1.441523641331531
2022-06-25,1.5457079364154196
2022-06-26,1.5406173214051329
2022-06-27,1.450799800789727
2022-06-28,1.6030631833295528
2022-06-29,1.522937902005664
2022-06-30,1.4714499851643006
2022-07-01,1.404669348831393
2022-07-02,1.385735701438087
2022-07-03,1.4607833466982567
2022-07-04,1.4488246767772848
2022-07-05,1.5385336356462191
2022-07-06,1.470017774420151
2022-07-07,1.5525170941806052
2022-07-08,1.5728539640398922
2022-07-09,1.5486199768343685
2022-07-10,1.6284423221683308
2022-07-11,1.6306939886639618
2022-07-12,1.5761624579868416
2022-07-13,1.4390908459521483
2022-07-14,1.5165951171232503
2022-07-15,1.5691376589557424
2022-07-16,1.5771476950608865
2022-07-17,1.6003980910951785
2022-07-18,1.578877700088274
2022-07-19,1.7293088046028602
2022-07-20,1.7409827409003782
2022-07-21,1.624836460929489
2022-07-22,1.67680832053928
2022-07-23,1.637778960260336
2022-07-24,1.6594522239332263
2022-07-25,1.684342255754311
2022-07-26,1.5194092815860931
2022-07-27,1.5550207444119908
2022-07-28,1.6404102178931446
2022-07-29,1.718827653792615
2022-07-30,1.7187719377956483
2022-07-31,1.8123794792803944
2022-08-01,1.7443627553881365
2022-08-02,1.81928140082806
2022-08-03,1.7240065087755834
2022-08-04,1.7224764964836097
2022-08-05,1.834086856279004
2022-08-06,1.8629567954363844
2022-08-07,1.8816630609471812
2022-08-08,1.889574999012843
2022-08-09,1.8954966747882585
2022-08-10,1.8079033475115256
2022-08-11,1.8707589741807824
2022-08-12,1.9004019687712328
2022-08-13,1.9270124846243184
2022-08-14,1.9118531777666432
2022-08-15,1.8224424694728756
2022-08-16,1.828612064372992
2022-08-17,1.8955377612067827
2022-08-18,1.890919258594588
2022-08-19,1.7924922954731508
2022-08-20,1.5845656798609982
2022-08-21,1.5637798748100749
2022-08-22,1.6360839992980074
2022-08-23,1.5894560719577682
2022-08-24,1.5959271808741204
2022-08-25,1.6049157552427349
2022-08-26,1.6702966207121157
2022-08-27,1.4819665502570214
2022-08-28,1.466897291227411
2022-08-29,1.4406347232535714
2022-08-30,1.5342861928440348
2022-08-31,1.4972040596968343
2022-09-01,1.511300737356241
2022-09-02,1.5405575552845676
2022-09-03,1.4897937973864372
2022-09-04,1.520733700487284
2022-09-05,1.5556172817007088
2022-09-06,1.5454699463249224
2022-09-07,1.4326585428659313
2022-09-08,1.4934304548124948
2022-09-09,1.5951231119324236
2022-09-10,1.6429081465953452
2022-09-11,1.664921069925427
2022-09-12,1.680397431666642
2022-09-13,1.6516217669775042
2022-09-14,1.5341196215054536
2022-09-15,1.6082650077783809
2022-09-16,1.5246897745167711
2022-09-17,1.5181659739365694
2022-09-18,1.5524700257238182
2022-09-19,1.4429838338471404
2022-09-20,1.4881846728827688
2022-09-21,1.4644665180540568
2022-09-22,1.4129676024831856
2022-09-23,1.5124077987226574
2022-09-24,1.52629872772308
2022-09-25,1.4803769934123534
2022-09-26,1.4621380379127336
2022-09-27,1.4733229285871283
2022-09-28,1.4491977356303458
2022-09-29,1.4413720336560738
2022-09-30,1.438912403651638
2022-10-01,1.4242640267749744
2022-10-02,1.4170981808626602
2022-10-03,1.3788391437995318
2022-10-04,1.4433212308096852
2022-10-05,1.4597096804389436
2022-10-06,1.4299677258003078
2022-10-07,1.4310198754181314
2022-10-08,1.4098857741693755
2022-10-09,1.4165545777387352
2022-10-10,1.427188050909256
2022-10-11,1.3724288753907985
2022-10-12,1.3425721948342526
2022-10-13,1.3566630399488244
2022-10-14,1.3841657005284884
2022-10-15,1.371453927248664
2022-10-16,1.356278363312064
2022-10-17,1.3549622876402412
2022-10-18,1.3927979740697145
2022-10-19,1.377844936488446
2022-10-20,1.3266976834368522
2022-10-21,1.3228304269446416
2022-10-22,1.3461306213479556
2022-10-23,1.3481218755940074
2022-10-24,1.374394008965241
2022-10-25,1.352203060721611
2022-10-26,1.3885647424841063
2022-10-27,1.434434046174803
2022-10-28,1.4156789175942268
2022-10-29,1.4412849196125823
2022-10-30,1.4405277317395189
2022-10-31,1.420915531459976
2022-11-01,1.4297480234682272
2022-11-02,1.4171841229024944
2022-11-03,1.3837264646529173
2022-11-04,1.36808491169039
2022-11-05,1.4401732441334991
2022-11-06,1.4454565056906747
2022-11-07,1.3740172280651597
2022-11-08,1.3635150697036376
2022-11-09,1.1797878289665638
2022-11-10,1.009365347988195
2022-11-11,1.1482102717080207
2022-11-12,1.0798361364100664
2022-11-13,1.041960193307529
2022-11-14,1.0156937299895177
2022-11-15,1.016309580447369
2022-11-16,1.027639221717605
2022-11-17,0.9904505353660084
2022-11-18,0.9775341413900148
2022-11-19,0.9830454458573488
2022-11-20,1.0008547568158084
2022-11-21,0.9807006294045436
2022-11-22,0.940913968505546
2022-11-23,0.9691613591526324
2022-11-24,1.0071363140508025
2022-11-25,1.0089384093901308
2022-11-26,0.9908366156139712
2022-11-27,0.9885985802314148
2022-11-28,0.990081961268122
2022-11-29,0.980964454823458
2022-11-30,0.9812438540093676
2022-12-01,1.0256345295944036
2022-12-02,1.0033242961383433
2022-12-03,1.0330860151705878
2022-12-04,1.0019151218036186
2022-12-05,1.0116094467659766
2022-12-06,1.011465697816877
2022-12-07,1.0180831431824546
2022-12-08,0.9884104332041678
2022-12-09,1.0078061318191394
2022-12-10,0.9906440925004492
2022-12-11,1.0051220856963277
2022-12-12,0.994788575672017
2022-12-13,0.958569531577672
2022-12-14,0.971848955272454
2022-12-15,0.9532137839345792
2022-12-16,0.9522546150133044
2022-12-17,0.8417405177664121
2022-12-18,0.8452375264601376
2022-12-19,0.8424359505762581
2022-12-20,0.7808132510731927
2022-12-21,0.8124691128224005
2022-12-22,0.8070923500844203
2022-12-23,0.8066790435699266
2022-12-24,0.8084729809520829
2022-12-25,0.8020680891372893
2022-12-26,0.790026673157139
2022-12-27,0.7999391979929459
2022-12-28,0.7752804532268303
2022-12-29,0.738689743849905
2022-12-30,0.7284600510428048
2022-12-31,0.7263072899766089
2023-01-01,0.7203533805676987
2023-01-02,0.7239971378318
2023-01-03,0.7432801651157184
2023-01-04,0.7572767983230044
2023-01-05,0.7679462015031563
2023-01-06,0.7624998878534125
2023-01-07,0.7768379684205843
2023-01-08,0.7947555589615259
2023-01-09,0.825609148388227
2023-01-10,0.8322673845149415
2023-01-11,0.8313593716776265
2023-01-12,0.8603288827667616
2023-01-13,0.8897992150889695
2023-01-14,0.9142004358123198
2023-01-15,1.0047677839621982
2023-01-16,1.0259303842553402
2023-01-17,1.0132589180627132
2023-01-18,1.021844963258466
2023-01-19,0.95885030484685
2023-01-20,0.9970322585141124
2023-01-21,1.069148229037872
2023-01-22,1.1057704967637574
2023-01-23,1.1141793968600224
2023-01-24,1.1197536933058412
2023-01-25,1.061520605944278
2023-01-26,1.0989059382890942
2023-01-27,1.0953759707370003
2023-01-28,1.1218814570406093
2023-01-29,1.101062633006488
2023-01-30,1.1659729444096076
2023-01-31,1.0594383446043496
2023-02-01,1.0623055274054554
2023-02-02,1.0978466349853084
2023-02-03,1.096550423593461
2023-02-04,1.1424361377650962
2023-02-05,1.1661280353012151
2023-02-06,1.1843183795542538
2023-02-07,1.1501812555921935
2023-02-08,1.2189749326043129
2023-02-09,1.2209084427157693
2023-02-10,1.0783136369036062
2023-02-11,1.0900992073604447
2023-02-12,1.0891299541132595
2023-02-13,1.0816592713464463
2023-02-14,1.0419928699056749
2023-02-15,1.0658402324025
2023-02-16,1.1492102080046909
2023-02-17,1.094683171224006
2023-02-18,1.1594645464390032
2023-02-19,1.176536018653734
2023-02-20,1.1872006153501844
2023-02-21,1.2551127884841584
2023-02-22,1.2171641241470417
2023-02-23,1.4396836657694456
2023-02-24,1.351882104011192
2023-02-25,1.2396491005856178
2023-02-26,1.19741865858758
2023-02-27,1.2138210061585122
2023-02-28,1.1894654382519032
2023-03-01,1.1429933488836437
2023-03-02,1.2051379006376322
2023-03-03,1.1832064442001935
2023-03-04,1.1455124508347645
2023-03-05,1.1162485853779909
2023-03-06,1.1174914694431903
2023-03-07,1.1385582986363392
2023-03-08,1.1126608181141464
2023-03-09,1.028913648019853
2023-03-10,0.990481919671409
2023-03-11,1.0139976241467898
2023-03-12,0.9850826812453768
2023-03-13,1.058383837529852
2023-03-14,1.0908257042514589
2023-03-15,1.200125741510634
2023-03-16,1.1532231099296082
2023-03-17,1.197934983003724
2023-03-18,1.2541218351018455
2023-03-19,1.1980667923773352
2023-03-20,1.2541305492244057
2023-03-21,1.1759976252309454
2023-03-22,1.1954888112911883
2023-03-23,1.1235785435704873
2023-03-24,1.1733493263632635
2023-03-25,1.1349520081604183
2023-03-26,1.1206020541264077
2023-03-27,1.1455064509378905
2023-03-28,1.082316323402834
2023-03-29,1.094563242908331
2023-03-30,1.1374962992360476
2023-03-31,1.1104215101620227
2023-04-01,1.122407228206979
2023-04-02,1.12974230717909
2023-04-03,1.1049725979633631
2023-04-04,1.1144555459938263
2023-04-05,1.1160982309662466
2023-04-06,1.1374829825929476
2023-04-07,1.135400515569448
2023-04-08,1.1026792068796012
2023-04-09,1.104660196694223
2023-04-10,1.1060947323485804
2023-04-11,1.12396525228062
2023-04-12,1.1197015515625597
2023-04-13,1.0984380553260782
2023-04-14,1.1293143422954566
2023-04-15,1.1552914842068005
2023-04-16,1.160644628319023
2023-04-17,1.1786576158302016
2023-04-18,1.1428901962833378
2023-04-19,1.1643737846968654
2023-04-20,1.0607904479560852
2023-04-21,1.0313941116488423
2023-04-22,1.003981897655509
2023-04-23,1.0357082506713486
2023-04-24,1.0200527049990098
2023-04-25,1.0039522069725086
2023-04-26,1.0243300187813915
2023-04-27,1.0072566544951072
2023-04-28,1.030162822077456
2023-04-29,1.0138397051795394
2023-04-30,1.0320738606636644
2023-05-01,1.009063502386432
2023-05-02,0.9877567228373828
2023-05-03,0.9946466713257328
2023-05-04,0.9975422692048712
2023-05-05,0.9932035506452463
2023-05-06,1.0263066521955009
2023-05-07,0.9831124983887558
2023-05-08,0.9680230992754562
2023-05-09,0.9121926232753113
2023-05-10,0.9067248849569752
2023-05-11,0.9172130097100216
2023-05-12,0.894694422089002
2023-05-13,0.8951385688635863
2023-05-14,0.8845567424474334
2023-05-15,0.8883257797663487
2023-05-16,0.8929252035657012
2023-05-17,0.9056585066641288
2023-05-18,0.9125088144344324
2023-05-19,0.9050165031254082
2023-05-20,0.8931350336167335
2023-05-21,0.909548981718018
2023-05-22,0.9029562361920276
2023-05-23,0.8948464204750272
2023-05-24,0.900124225693622
2023-05-25,0.870223262811753
2023-05-26,0.877278829427286
2023-05-27,0.8870065785762978
2023-05-28,0.9013392103049817
2023-05-29,0.9326240279385664
2023-05-30,0.9364091502251732
2023-05-31,0.9361189247384556
2023-06-01,0.9093745052116804
2023-06-02,0.8886394785417936
2023-06-03,0.916382123325592
2023-06-04,0.921510613684041
2023-06-05,0.9153409413366734
2023-06-06,0.8623762328622805
2023-06-07,0.8809846835681301
2023-06-08,0.8496040955558364
2023-06-09,0.8428850201384461
2023-06-10,0.824884553577848
2023-06-11,0.7308549398929876
2023-06-12,0.7201500839198045
2023-06-13,0.7227039143097341
2023-06-14,0.7210388887881166
2023-06-15,0.7266884741739046
2023-06-16,0.7195826933482724
2023-06-17,0.7170703436541841
2023-06-18,0.7299176317744954
2023-06-19,0.7178525624643876
2023-06-20,0.7251238532685833
2023-06-21,0.7395375952394346
2023-06-22,0.7760086260089737
2023-06-23,0.7639153322986506
2023-06-24,0.7955086914864431
2023-06-25,0.8237850766821682
2023-06-26,0.8212540806841558
2023-06-27,0.7978443457213451
2023-06-28,0.8065195429804172
2023-06-29,0.7606633371181938
2023-06-30,0.7690663148408773
2023-07-01,0.8057209352738207
2023-07-02,0.8268536811628997
2023-07-03,0.834757917993914
2023-07-04,0.8466455238461711
2023-07-05,0.826289946608229
2023-07-06,0.8045412341793255
2023-07-07,0.7826736224084996
2023-07-08,0.7935311628002132
2023-07-09,0.8154597793281003
2023-07-10,0.8114420581045191
2023-07-11,0.8124134980004325
2023-07-12,0.8283570055633442
2023-07-13,0.8239402911938125
2023-07-14,0.9049927351080184
2023-07-15,0.8767854130815457
2023-07-16,0.8801943098237118
2023-07-17,0.8598678471868448
2023-07-18,0.8639749116427139
2023-07-19,0.8252228038765972
2023-07-20,0.8395327225522383
2023-07-21,0.8683707751373629
2023-07-22,0.8491752355748238
2023-07-23,0.8358317986968815
2023-07-24,0.8780326746032152
2023-07-25,0.809935564361301
2023-07-26,0.8125764743911087
2023-07-27,0.8144463995118656
2023-07-28,0.808855738855323
2023-07-29,0.8276552007519397
2023-07-30,0.842536748113609
2023-07-31,0.8364660556068967
2023-08-01,0.8260776221275312
2023-08-02,0.8386455732008883
2023-08-03,0.8352678576489404
2023-08-04,0.8155717856588749
2023-08-05,0.808818695902215
2023-08-06,0.8066556976597874
2023-08-07,0.8027593388220575
2023-08-08,0.7914156691567429
2023-08-09,0.800125586118734
2023-08-10,0.794121031101925
2023-08-11,0.789702957942781
2023-08-12,0.7944160970342373
2023-08-13,0.7928204442117915
2023-08-14,0.7926732499645426
2023-08-15,0.7978323314975921
2023-08-16,0.7631713405185605
2023-08-17,0.7324023075631011
2023-08-18,0.6810185218356141
2023-08-19,0.700334318312479
2023-08-20,0.7081565905436576
2023-08-21,0.7100750059712957
2023-08-22,0.6985044762837468
2023-08-23,0.6885701321908235
2023-08-24,0.7076999871717432
2023-08-25,0.6931160446372422
2023-08-26,0.6963826851952795
2023-08-27,0.6806319238030483
2023-08-28,0.6989347718894374
2023-08-29,0.7059469829673896
2023-08-30,0.7295040571827394
2023-08-31,0.7146498187673135
2023-09-01,0.685888395083065
2023-09-02,0.6820686125963192
2023-09-03,0.688100512240072
2023-09-04,0.687133851642183
2023-09-05,0.6961448385913857
2023-09-06,0.6989979471790368
2023-09-07,0.6922239497344758
2023-09-08,0.6954152690399776
2023-09-09,0.6959651159287706
2023-09-10,0.69555884277733
2023-09-11,0.6755622050760292
2023-09-12,0.6411979865428387
2023-09-13,0.6363424473186875
2023-09-14,0.6443961498774634
2023-09-15,0.654208104884939
2023-09-16,0.6752622725577312
2023-09-17,0.6815004716023155
2023-09-18,0.6584733700717333
2023-09-19,0.6694544266377296
2023-09-20,0.6796459582667059
2023-09-21,0.6750580204723511
2023-09-22,0.6575651781850731
2023-09-23,0.667375338893916
2023-09-24,0.665179974605782
2023-09-25,0.6498143739640927
2023-09-26,0.6578068321462491
2023-09-27,0.6550762533591563
2023-09-28,0.6523219066809297
2023-09-29,0.6671280130778264
2023-09-30,0.6801236244230616
2023-10-01,0.681184445976866
2023-10-02,0.7052697019337636
2023-10-03,0.6788367565973983
2023-10-04,0.6708818886701532
2023-10-05,0.6808176762234899
2023-10-06,0.66786290188835
2023-10-07,0.6796051774701559
2023-10-08,0.6762502980454177
2023-10-09,0.6755919373313573
2023-10-10,0.648508792062213
2023-10-11,0.690834118423094
2023-10-12,0.6550085809040641
2023-10-13,0.6412561656381115
2023-10-14,0.6514198913941944
2023-10-15,0.6562744085786377
2023-10-16,0.6535776073627397
2023-10-17,0.659958242439427
2023-10-18,0.6514550168260483
2023-10-19,0.6301453618109912
2023-10-20,0.6246121228464524
2023-10-21,0.646248713984198
2023-10-22,0.6693319662401899
2023-10-23,0.6747090194414264
2023-10-24,0.7044735270424253
2023-10-25,0.7091043187073857
2023-10-26,0.712491473565716
2023-10-27,0.7101284384660167
2023-10-28,0.7080494045473174
2023-10-29,0.7305488254475871
2023-10-30,0.7448711644480567
2023-10-31,0.7531059222840821
2023-11-01,0.75683749829563
2023-11-02,0.7849855010452155
2023-11-03,0.7987492601175128
2023-11-04,0.782467875846364
2023-11-05,0.7886004662807626
2023-11-06,0.8099277049761824
2023-11-07,0.8300704787006007
2023-11-08,0.8369815566518342
2023-11-09,0.8742219739210807
2023-11-10,0.8562396755631348
2023-11-11,0.8983802914142144
2023-11-12,0.911976624967202
2023-11-13,0.927722789451058
2023-11-14,0.8919264790669408
2023-11-15,0.8491936825193599
2023-11-16,0.8869115741682061
2023-11-17,0.8378959712110381
2023-11-18,0.8498644535744762
2023-11-19,0.8384023726871431
2023-11-20,0.8583221437193991
2023-11-21,0.8409575715452807
2023-11-22,0.7710521239430767
2023-11-23,0.8071224150992331
2023-11-24,0.8124781589658796
2023-11-25,0.8240444402832782
2023-11-26,0.8496305328401333
2023-11-27,0.8415351633377142
2023-11-28,0.808000611047486
2023-11-29,0.8125446536400894
2023-11-30,0.8239864975338013
2023-12-01,0.8323647350317147
2023-12-02,0.8419267192422715
2023-12-03,0.868517425073081
2023-12-04,0.8528828099699608
2023-12-05,0.8767031987873863
2023-12-06,0.892968598472153
2023-12-07,0.8794798261236911
2023-12-08,0.9074261364901676
2023-12-09,0.945602892506274
2023-12-10,0.9719781158532654
2023-12-11,0.9632154193660982
2023-12-12,0.8712895549964689
2023-12-13,0.9288110704837398
2023-12-14,0.9178250326914146
2023-12-15,0.9787035438332468
2023-12-16,0.9134560408468068
2023-12-17,0.9399387552530244
2023-12-18,0.9090229145689378
2023-12-19,0.8904949460788661
2023-12-20,0.8621006026789939
2023-12-21,0.881716967115441
2023-12-22,0.9284673316455349
2023-12-23,0.9830343063997918
2023-12-24,0.9882896961416976
2023-12-25,0.9812000338132988
2023-12-26,1.0418834206947167
2023-12-27,1.0489241720514488
2023-12-28,1.1126363763969702
2023-12-29,1.0561627166677243
2023-12-30,1.0303076172413186
2023-12-31,1.0200197737192866
2024-01-01,1.006638654310035
2024-01-02,1.1012000855146853
2024-01-03,1.0681617391775835
2024-01-04,0.9769833386163606
2024-01-05,0.9764143835295304
2024-01-06,0.9375672788870668
2024-01-07,0.9203434544970706
2024-01-08,0.8726962987063237
2024-01-09,0.9358682705158576
2024-01-10,0.8871051573485182
2024-01-11,0.9445982684213904
2024-01-12,1.0822130269060952
2024-01-13,1.027480112795324
2024-01-14,1.0810827148849986
2024-01-15,1.121901229855344
2024-01-16,1.173587590471742
2024-01-17,1.12445574451916
2024-01-18,1.1000449162778128
2024-01-19,1.041441645016757
2024-01-20,1.0181028386604083
2024-01-21,1.0317640035699598
2024-01-22,1.0206061980779266
2024-01-23,0.956690516159195
2024-01-24,0.9396539672852158
2024-01-25,0.9510003298965604
2024-01-26,0.9343271423161869
2024-01-27,0.9726028917869174
2024-01-28,1.0026407336260794
2024-01-29,0.9779357036005274
2024-01-30,1.0067649079464351
2024-01-31,0.9793751317021816
2024-02-01,0.966454150849902
2024-02-02,0.9828972780383732
2024-02-03,1.0158406817887478
2024-02-04,0.9970573383558616
2024-02-05,0.95937490239222
2024-02-06,0.9648227041848432
2024-02-07,0.9796644138683588
2024-02-08,1.0037559857133795
2024-02-09,1.0136468620124683
2024-02-10,1.0392034509295642
2024-02-11,1.0388340272952332
2024-02-12,1.0306308764444
2024-02-13,1.0472713586512064
2024-02-14,1.0444850385517706
2024-02-15,1.0688698719807783
2024-02-16,1.078771595671007
2024-02-17,1.0760770235935564
2024-02-18,1.0623390030031608
2024-02-19,1.075033085051868
2024-02-20,1.0906951908410705
2024-02-21,1.1099334766219076
2024-02-22,1.0851420001372445
2024-02-23,1.108820061884458
2024-02-24,1.0899497679613992
2024-02-25,1.1246086934477608
2024-02-26,1.1173716418016375
2024-02-27,1.144189183830334
2024-02-28,1.141484719203168
2024-02-29,1.2034388416233393
2024-03-01,1.2309739048892565
2024-03-02,1.2820482820506056
2024-03-03,1.4294059912513937
2024-03-04,1.3702445661617169
2024-03-05,1.424457366926368
2024-03-06,1.3151827845815611
2024-03-07,1.3939792717801638
2024-03-08,1.4811577262658822
2024-03-09,1.4403641694267668
2024-03-10,1.4423068397032783
2024-03-11,1.4209382972528406
2024-03-12,1.5285071703467308
2024-03-13,1.5590130156873807
2024-03-14,1.5366675595373334
2024-03-15,1.4901202533693465
2024-03-16,1.3941100467010037
2024-03-17,1.2864265499445502
2024-03-18,1.343987228872363
2024-03-19,1.26910667087591
2024-03-20,1.1386758469876792
2024-03-21,1.2585331589051216
2024-03-22,1.2449927054992778
2024-03-23,1.2241770438603856
2024-03-24,1.2410401050381286
2024-03-25,1.2954446963907973
2024-03-26,1.3465770986078218
2024-03-27,1.377732811933601
2024-03-28,1.3903258328129025
2024-03-29,1.412063745845762
2024-03-30,1.4176280616223105
2024-03-31,1.3681729072867836
2024-04-01,1.402462050050458
2024-04-02,1.3519503726890565
2024-04-03,1.2312487235004113
2024-04-04,1.2172739678337288
2024-04-05,1.2677456147418922
2024-04-06,1.2536788689417355
2024-04-07,1.2661950574416971
2024-04-08,1.271284117402174
2024-04-09,1.3290838162233771
2024-04-10,1.2668473904758628
2024-04-11,1.2731192613788511
2024-04-12,1.2832755356186072
2024-04-13,1.103196138127783
2024-04-14,0.992430507080842
2024-04-15,1.050074066637399
2024-04-16,0.9988492040285296
2024-04-17,1.0018958401178089
2024-04-18,0.9448810376210952
2024-04-19,0.9740898968218348
2024-04-20,0.9879739111847656
2024-04-21,1.078385618885758
2024-04-22,1.0405621009396633
2024-04-23,1.0630565640942882
2024-04-24,1.049898405627938
2024-04-25,1.009335126919154
2024-04-26,1.014162382915044
2024-04-27,0.999065632408219
2024-04-28,1.0092434605356475
2024-04-29,0.9955183496520856
2024-04-30,0.9853189415308046
2024-05-01,0.9141204065231148
2024-05-02,0.9262182878221334
2024-05-03,0.938342306986262
2024-05-04,0.975573091006992
2024-05-05,0.9649256043321436
2024-05-06,0.9646898348434116
2024-05-07,0.9401671245252804
2024-05-08,0.9255640848800312
2024-05-09,0.9227991939123072
2024-05-10,0.9392424458063507
2024-05-11,0.910367672420286
2024-05-12,0.9062676019111694
2024-05-13,0.8890500607202038
2024-05-14,0.8856605537595974
2024-05-15,0.8684126973256231
2024-05-16,0.9166290477629908
2024-05-17,0.9237503890975912
2024-05-18,0.9415973952065354
2024-05-19,0.9464225520986776
2024-05-20,0.9103759358252368
2024-05-21,0.983494690511302
2024-05-22,0.9890974883214588
2024-05-23,0.9665490328650568
2024-05-24,0.94466511021593
2024-05-25,0.9840041866974272
2024-05-26,0.9944157293725868
2024-05-27,0.9597444240761176
2024-05-28,0.9957559613093212
2024-05-29,0.9706192466596224
2024-05-30,0.9458021532970534
2024-05-31,0.9601852968009996
2024-06-01,0.960648933671753
2024-06-02,0.9382857252508764
2024-06-03,0.9260112253660612
2024-06-04,0.9259866312312254
2024-06-05,0.950207721027262
2024-06-06,0.9575744708679654
2024-06-07,0.9386850336600572
2024-06-08,0.8741376942372732
2024-06-09,0.830336785750884
2024-06-10,0.8512166899092983
2024-06-11,0.8471456504368251
2024-06-12,0.8148100455075938
2024-06-13,0.8474526169613359
2024-06-14,0.8135606359791976
2024-06-15,0.8134801128376244
2024-06-16,0.8164938353966488
2024-06-17,0.8165808352413242
2024-06-18,0.7617536239403292
2024-06-19,0.7515558507138801
2024-06-20,0.7746309520400017
2024-06-21,0.778081868026058
2024-06-22,0.7776236604143297
2024-06-23,0.7726061784103221
2024-06-24,0.7734483585973088
2024-06-25,0.7760975414129665
2024-06-26,0.7926196320361414
2024-06-27,0.7708648415513859
2024-06-28,0.7761179675949733
2024-06-29,0.757222909354685
2024-06-30,0.7666631429664048
2024-07-01,0.7927678882311993
2024-07-02,0.7845175494279423
2024-07-03,0.8004851975750452
2024-07-04,0.7675146134617775
2024-07-05,0.682330788936459
2024-07-06,0.7251053554912188
2024-07-07,0.7451214153252327
2024-07-08,0.689886176892572
2024-07-09,0.7151219635401834
2024-07-10,0.7497013454420612
2024-07-11,0.7451257341221238
2024-07-12,0.7494089451840047
2024-07-13,0.7699779569349131
2024-07-14,0.7856847344364448
2024-07-15,0.7912278030867497
2024-07-16,0.8232959125048895
2024-07-17,0.8233082099290381
2024-07-18,0.8044071422793675
2024-07-19,0.7984973927389895
2024-07-20,0.8079304461329319
2024-07-21,0.8057453970750725
2024-07-22,0.8058113296199201
2024-07-23,0.7751538031330759
2024-07-24,0.7600247872565346
2024-07-25,0.7432220464424716
2024-07-26,0.7443285178741216
2024-07-27,0.7786809460703072
2024-07-28,0.7792088291511945
2024-07-29,0.7733028769617192
2024-07-30,0.7553388078427747
2024-07-31,0.7519898487655254
2024-08-01,0.7313629434670482
2024-08-02,0.7277660002940419
2024-08-03,0.6864094186035986
2024-08-04,0.6856084547028435
2024-08-05,0.6599349496632801
2024-08-06,0.6146838692375006
2024-08-07,0.6426737372649887
2024-08-08,0.6388482906555698
2024-08-09,0.7056897433649704
2024-08-10,0.6873749638458861
2024-08-11,0.68728837423416
2024-08-12,0.6525400276805325
2024-08-13,0.677249746916011
2024-08-14,0.6835650028241148
2024-08-15,0.6545613827369835
2024-08-16,0.6450440045489458
2024-08-17,0.6483935225444223
2024-08-18,0.6547934864658275
2024-08-19,0.6455291414141661
2024-08-20,0.6599394915701675
2024-08-21,0.6656102244851169
2024-08-22,0.6938712729951431
2024-08-23,0.6953381849144212
2024-08-24,0.7435915869542421
2024-08-25,0.7507890219797692
2024-08-26,0.738602255732433
2024-08-27,0.7073030563030078
2024-08-28,0.6744953154401846
2024-08-29,0.6694202899940892
2024-08-30,0.6733794945959024
2024-08-31,0.6742704035249293
2024-09-01,0.6594176589112004
2024-09-02,0.6302269375480739
2024-09-03,0.6555642318055583
2024-09-04,0.6229992894575794
2024-09-05,0.6385972918768176
2024-09-06,0.6172487909071448
2024-09-07,0.5971330901552682
2024-09-08,0.605707108408715
2024-09-09,0.6184449134037747
2024-09-10,0.6420539346380395
2024-09-11,0.6442811457466107
2024-09-12,0.6324856094215698
2024-09-13,0.6449907785465949
2024-09-14,0.657858360793308
2024-09-15,0.6498548033105619
2024-09-16,0.6292150116680005
2024-09-17,0.6281084925475571
2024-09-18,0.6367219098369569
2024-09-19,0.6487422084982125
2024-09-20,0.6795032935167153
2024-09-21,0.6911813112474651
2024-09-22,0.7051163709769351
2024-09-23,0.6913127094385297
2024-09-24,0.697831927356262
2024-09-25,0.7107777909856244
2024-09-26,0.7074187777769295
2024-09-27,0.739133910064272
2024-09-28,0.7561757352437488
2024-09-29,0.7411056297853096
2024-09-30,0.7455247189036702
2024-10-01,0.7048353971770405
2024-10-02,0.6593013559974834
2024-10-03,0.6428511562932067
2024-10-04,0.6372276451500684
2024-10-05,0.6585680775678411
2024-10-06,0.6636371213312933
2024-10-07,0.6760795228645506
2024-10-08,0.6632934243113623
2024-10-09,0.6550561473238338
2024-10-10,0.6489465850928787
2024-10-11,0.6487066342109373
2024-10-12,0.6825414502186689
2024-10-13,0.6927338461635802
2024-10-14,0.688633514307233
2024-10-15,0.7076248558673586
2024-10-16,0.7003677610657432
2024-10-17,0.6915948749004216
2024-10-18,0.6774458594708634
2024-10-19,0.6937362973240193
2024-10-20,0.6925664328811894
2024-10-21,0.7089721336524025
2024-10-22,0.6939621668585972
2024-10-23,0.6846508447627865
2024-10-24,0.662918819489985
2024-10-25,0.668984217236578
2024-10-26,0.6242329491688787
2024-10-27,0.6301694990384161
2024-10-28,0.6378598175318423
2024-10-29,0.6482274677538717
2024-10-30,0.6778491876796605
2024-10-31,0.6617302286125096
2024-11-01,0.6295590384514582
2024-11-02,0.6282184773622943
2024-11-03,0.6222493757135844
2024-11-04,0.5991254246888476
2024-11-05,0.591268150883809
2024-11-06,0.6135330081482065
2024-11-07,0.6528950569251717
2024-11-08,0.6567088963038671
2024-11-09,0.6710958269581122
2024-11-10,0.6847982866478713
2024-11-11,0.7177368528151038
2024-11-12,0.7535012377587781
2024-11-13,0.7445347060883466
2024-11-14,0.7309200606455534
2024-11-15,0.7056721920700396
2024-11-16,0.7470887321436418
2024-11-17,0.87537750332005
2024-11-18,0.7923559389580198
2024-11-19,1.1787164137992965
2024-11-20,1.0569982949834478
2024-11-21,1.057550012201763
2024-11-22,1.0585003027453923
2024-11-23,1.1269756705009757
2024-11-24,1.1450565503764227
2024-11-25,1.4163647054027146
2024-11-26,1.2428373849476848
2024-11-27,1.1987306407110387
2024-11-28,1.2711332665022057
2024-11-29,1.2806667438804236
2024-11-30,1.3731712241906129
2024-12-01,1.6884726140548787
2024-12-02,1.6712190320146905
2024-12-03,1.6416892038935185
2024-12-04,1.7168049020568965
2024-12-05,1.714842633858679
2024-12-06,1.6499302173105022
2024-12-07,1.768263487802505
2024-12-08,1.797484335855409
2024-12-09,1.7630347891087743
2024-12-10,1.441489843571028
2024-12-11,1.4197607341356826
2024-12-12,1.479226900035141
2024-12-13,1.4735424454120127
2024-12-14,1.469768783692908
2024-12-15,1.4071563830049376
2024-12-16,1.505682469138494
2024-12-17,1.4631178959775175
2024-12-18,1.4455322366802987
2024-12-19,1.3329515093631807
2024-12-20,1.2134166274898432
2024-12-21,1.248923132930068
2024-12-22,1.2970570097149292
2024-12-23,1.2488541605404382
2024-12-24,1.3510402360726532
2024-12-25,1.4346714946940975
2024-12-26,1.4439438207054778
